"baseMean","log2FoldChange","lfcSE","stat","pvalue","padj","sgRNA","direction"
19374.2967676239,-17.5871691977619,4.23559824696852,-4.15222789610638,3.29254130639641e-05,0.000343827158781553,"EXO1_CRISPRa_3_CtIP_CasRx_1","depleted"
27295.134231115,-18.0445033365345,4.30447517214761,-4.19203331762549,2.76465381634864e-05,0.000343827158781553,"DNA-PKcs_CRISPRa_3_CtIP_CasRx_1","depleted"
18314.9228481704,17.9185144071362,4.23747161165223,4.22858630081762,2.35164310147993e-05,0.000343827158781553,"LIG4_CRISPRa_3_CtIP_CasRx_1","enriched"
7193.90837851576,-16.0803506637641,4.45890291747846,-3.60634688876734,0.000310537949877305,0.00167383367488811,"MRE11_CRISPRa_4_CtIP_CasRx_3","depleted"
11454.8470192218,16.9479838750105,4.33323984507727,3.91115758207202,9.18548143800646e-05,0.000672459499304802,"DNA-PKcs_CRISPRa_1_CtIP_CasRx_3","enriched"
19291.94791419,17.6610769507671,4.23672006330298,4.16857302037519,3.06512567753125e-05,0.000343827158781553,"BRCA1_CRISPRa_2_CtIP_CasRx_5","enriched"
6322.57616508255,16.264892282295,4.48220520507415,3.62877011161428,0.000284774687733269,0.00156069256238177,"RAD50_CRISPRa_2_CtIP_CasRx_5","enriched"
6353.56148884913,-14.7839820666836,4.50495278172044,-3.28171743035176,0.00103176943154752,0.00488968991472521,"XLF_CRISPRa_5_CtIP_CasRx_5","depleted"
26800.5979347508,18.4949599516491,4.29949534485568,4.30165832689601,1.6952457699311e-05,0.000343827158781553,"53BP1_CRISPRa_3_CtIP_CasRx_5","enriched"
19945.0646668426,-17.6098962045261,4.23703404447134,-4.1561847319835,3.23606199771464e-05,0.000343827158781553,"XLF_CRISPRa_4_ATM_CasRx_2","depleted"
9749.17083771991,-16.5304315996252,4.3786360426842,-3.77524677513312,0.000159849336394668,0.00101826103248811,"BRCA2_CRISPRa_5_ATM_CasRx_3","depleted"
28359.8457753179,-18.129614624786,4.31123913878612,-4.20519809761484,2.60853578413812e-05,0.000343827158781553,"XLF_CRISPRa_1_ATM_CasRx_3","depleted"
10875.310848959,-16.7685535689622,4.34658315174469,-3.85787018988269,0.000114379363913233,0.00078465843355861,"EXO1_CRISPRa_4_ATM_CasRx_4","depleted"
22683.1982414247,-17.4438166793093,4.25886920715436,-4.09587987581442,4.20567976158544e-05,0.000382014807227162,"XLF_CRISPRa_3_ATM_CasRx_5","depleted"
13487.7075656979,-17.0543640371344,4.2888227447053,-3.97646744859963,6.99465683297398e-05,0.000556298480805851,"POLQ_CRISPRa_3_RAD51_CasRx_1","depleted"
8104.73699035641,16.6749531029035,4.42970243202218,3.76435062146857,0.000166982451356548,0.00105006272295368,"MRE11_CRISPRa_2_RAD51_CasRx_1","enriched"
6654.81566383352,16.4735437072375,4.47134966070415,3.68424412253261,0.000229382321430107,0.00133150329776884,"KU70_CRISPRa_1_RAD51_CasRx_1","enriched"
9977.81211372412,-16.1677546314328,4.37544832943381,-3.69510811558938,0.000219793241378926,0.00129112077720195,"BRCA1_CRISPRa_4_RAD51_CasRx_2","depleted"
44473.2528360271,-18.5638879214664,4.01336040017999,-4.6255222732137,3.73655647561023e-06,0.000264727676766164,"BRCA2_CRISPRa_1_RAD51_CasRx_4","depleted"
7070.31061188306,-15.6510931040306,4.46398562369238,-3.50608053506338,0.000454757599761684,0.00234798529140112,"POLD3_CRISPRa_2_RAD51_CasRx_4","depleted"
13986.8904333868,17.5024768454854,4.28115732115348,4.08825827516417,4.3462411003165e-05,0.000384113740487431,"PALB2_CRISPRa_1_RAD51_CasRx_4","enriched"
11271.0777546359,16.2664772880936,4.34690657045919,3.74208118449974,0.000182502532050679,0.00112600618831268,"CtIP_CRISPRa_3_RAD51_CasRx_5","enriched"
14127.0001041307,-16.8801840872478,4.27865959101614,-3.9452038023055,7.97321353606966e-05,0.000607485414292166,"KU70_CRISPRa_1_RAD51_CasRx_5","depleted"
18065.7712824171,17.8971510783283,4.23830926477223,4.22271003843089,2.41382276845317e-05,0.000343827158781553,"XLF_CRISPRa_4_RAD51_CasRx_5","enriched"
17585.4721868642,-17.3938177080255,4.23997139830709,-4.1023431702795,4.08987066157581e-05,0.000379725678757608,"LIG3_CRISPRa_3_RAD51_CasRx_5","depleted"
12152.5696037087,-15.8500709638928,4.3302225942748,-3.66033630346138,0.000251884432238284,0.0014366199303823,"NT_CRISPRa_5_RAD51_CasRx_5","depleted"
4797.8161970718,-15.0826860607174,4.51038244309477,-3.34399272146165,0.000825819040194297,0.00407099737904827,"ATM_CRISPRa_1_BRCA1_CasRx_1","depleted"
11215.7706497973,-16.812914797201,4.33768859335068,-3.87600779432941,0.000106184283966441,0.000749401313461,"POLD3_CRISPRa_2_BRCA1_CasRx_1","depleted"
23736.7149415239,18.1935248701019,4.26503954918059,4.26573415329696,1.99245920763195e-05,0.000343827158781553,"EXO1_CRISPRa_2_BRCA1_CasRx_1","enriched"
25254.6200839426,18.1887929058099,4.28674620548167,4.24303003582321,2.20521907345501e-05,0.000343827158781553,"XRCC4_CRISPRa_4_BRCA1_CasRx_1","enriched"
59519.7317122924,-18.8382342376555,3.61628846190541,-5.20927310863074,1.89581883197867e-07,6.19932758057026e-05,"XLF_CRISPRa_1_BRCA1_CasRx_1","depleted"
24116.448182444,18.3293439526793,4.26886250308241,4.2937302242563,1.75695944630393e-05,0.000343827158781553,"NT_CRISPRa_3_BRCA1_CasRx_1","enriched"
19993.9574724395,-17.4352448828778,4.23898169220235,-4.11307388162353,3.90425365426753e-05,0.000373186247778863,"PALB2_CRISPRa_1_BRCA1_CasRx_3","depleted"
10847.0952155918,-16.220637106539,4.35185393760762,-3.72729354870217,0.000193546986534584,0.00117931424714551,"XRCC4_CRISPRa_1_BRCA1_CasRx_5","depleted"
8876.3758561142,-14.8024507358612,4.46319779577537,-3.3165571890792,0.000911339334204151,0.00442586082601125,"XRCC4_CRISPRa_4_BRCA1_CasRx_5","depleted"
22166.251150817,18.2252960770392,4.24843744656032,4.28988217580913,1.78767934938715e-05,0.000343827158781553,"53BP1_CRISPRa_3_BRCA1_CasRx_5","enriched"
19561.782564026,-16.9041119504097,4.24940579046558,-3.97799428530398,6.94990417008586e-05,0.000556298480805851,"ATM_CRISPRa_5_BRCA2_CasRx_1","depleted"
6905.24229959223,-14.3996164729637,4.5227676156855,-3.18380639832656,0.00145352192085411,0.00666310749699943,"LIG3_CRISPRa_4_BRCA2_CasRx_1","depleted"
18046.8699224426,17.8824132234466,4.23777208205719,4.21976757531655,2.44554312610693e-05,0.000343827158781553,"BRCA1_CRISPRa_5_BRCA2_CasRx_3","enriched"
13968.1564898228,-17.0143606805313,4.28011565838196,-3.97521049395272,7.0317035290444e-05,0.000556298480805851,"NT_CRISPRa_2_BRCA2_CasRx_3","depleted"
10640.9814172535,-16.5457232139886,4.35360990833196,-3.80046066652028,0.00014442734280306,0.000944554821932013,"RAD50_CRISPRa_3_BRCA2_CasRx_5","depleted"
22097.2880911317,-17.7762757705241,4.24821198745651,-4.18441354221759,2.85903231458425e-05,0.000343827158781553,"EXO1_CRISPRa_5_POLQ_CasRx_1","depleted"
39773.5178899621,19.0209783434196,4.14791752468807,4.58566937028239,4.5253425063024e-06,0.000271150075421975,"NBN_CRISPRa_4_POLQ_CasRx_1","enriched"
12031.5724497927,-16.8711874317044,4.31870327218045,-3.90654008122823,9.36271188020933e-05,0.000680357063295212,"XRCC4_CRISPRa_2_POLQ_CasRx_1","depleted"
30609.4745309006,18.5334940940676,4.31847890102993,4.29167179435506,1.77332927161005e-05,0.000343827158781553,"CtIP_CRISPRa_1_POLQ_CasRx_2","enriched"
18081.578477784,-17.4613941566663,4.23768367484697,-4.12050438316326,3.78043874557942e-05,0.000369649228427976,"CtIP_CRISPRa_1_POLQ_CasRx_3","depleted"
40228.7168566374,19.0249352078587,4.13471925798552,4.60126408125902,4.19934608422244e-06,0.000271150075421975,"ATM_CRISPRa_4_POLQ_CasRx_4","enriched"
13170.1880300229,-16.8920867746761,4.29471939688662,-3.93322245614503,8.3814603219667e-05,0.000632477890449948,"PALB2_CRISPRa_5_POLD3_CasRx_1","depleted"
15585.7394432609,17.7177757638343,4.25739908996352,4.16164315100329,3.15965831119315e-05,0.000343827158781553,"LIG3_CRISPRa_1_POLD3_CasRx_1","enriched"
11149.30590825,-15.9357296004432,4.36943141424549,-3.64709457356133,0.000265222325429161,0.00146996102398874,"NBN_CRISPRa_4_POLD3_CasRx_2","depleted"
13022.10695321,16.2318639396879,4.31559517738594,3.76121097380592,0.000169092730532469,0.0010565603098876,"53BP1_CRISPRa_5_POLD3_CasRx_2","enriched"
26361.3640634549,-15.5809501061065,4.35793283706116,-3.57530753425142,0.000349816445831019,0.00184499964172167,"NT_CRISPRa_5_POLD3_CasRx_2","depleted"
21701.8104332805,-17.458235681093,4.24605677771353,-4.11163500514804,3.92867038381641e-05,0.000373186247778863,"POLQ_CRISPRa_5_POLD3_CasRx_3","depleted"
15660.8362362001,-16.8686957050005,4.26253055256806,-3.95743690208567,7.57582903093962e-05,0.000594551062348141,"DNA-PKcs_CRISPRa_5_POLD3_CasRx_3","depleted"
30864.6209642407,18.708834916291,4.31493907951635,4.33582828668534,1.45212272689047e-05,0.000343827158781553,"ATM_CRISPRa_5_POLD3_CasRx_4","enriched"
7787.22201840013,-14.8092064852772,4.49574662639671,-3.29404828962672,0.000987555309974319,0.00472581345895028,"POLQ_CRISPRa_4_POLD3_CasRx_4","depleted"
6578.72651490165,-14.6301531964535,4.5217002995516,-3.23554243475719,0.00121411837208696,0.00561816095762882,"MRE11_CRISPRa_5_POLD3_CasRx_4","depleted"
16694.9236260831,17.7762124806241,4.24673177747476,4.18585712780628,2.84092009780045e-05,0.000343827158781553,"PALB2_CRISPRa_1_POLD3_CasRx_4","enriched"
8172.87957496494,16.4730853456199,4.42916921437452,3.7192269132906,0.000199833470310305,0.00121010268132351,"BRCA2_CRISPRa_5_POLD3_CasRx_5","enriched"
19854.9579120074,-15.8230341924016,4.28903460912814,-3.68918314595228,0.000224975226890771,0.00131369462845147,"BRCA1_CRISPRa_5_EXO1_CasRx_1","depleted"
5587.70843896232,-13.9605932538175,4.55163632449002,-3.06715920573502,0.00216103724245082,0.00976948172739288,"POLD3_CRISPRa_3_EXO1_CasRx_1","depleted"
33830.8286507646,-18.2480239673384,4.29270982287783,-4.25093349428986,2.12881379057623e-05,0.000343827158781553,"PALB2_CRISPRa_5_EXO1_CasRx_1","depleted"
13219.3807373627,17.1948725794155,4.29453277171411,4.0038983268842,6.23071514698345e-05,0.00051799419993142,"POLQ_CRISPRa_2_EXO1_CasRx_2","enriched"
10129.9596591744,-15.9568440726577,4.37437292919919,-3.64780148627585,0.000264493865356618,0.00146996102398874,"BRCA2_CRISPRa_3_EXO1_CasRx_3","depleted"
11730.2775891503,17.3093494193485,4.32536183514932,4.00182691738919,6.28552727607766e-05,0.000518159853599343,"XRCC1_CRISPRa_4_EXO1_CasRx_3","enriched"
5623.06386388846,-14.857120824043,4.50608624178443,-3.29712305243396,0.000976806950717583,0.00469729224830367,"CtIP_CRISPRa_3_EXO1_CasRx_4","depleted"
28236.9022251463,18.4930578156449,4.312083873106,4.28865911699541,1.79755002994196e-05,0.000343827158781553,"ATM_CRISPRa_4_EXO1_CasRx_4","enriched"
44822.0841122661,19.2395970033309,4.00064755626753,4.80912070676898,1.51595648922556e-06,0.000148715331593028,"PALB2_CRISPRa_5_EXO1_CasRx_4","enriched"
5204.38883486209,-15.6082421324127,4.5012795074433,-3.46751231657643,0.000525299668602086,0.00268395299426378,"DNA-PKcs_CRISPRa_5_EXO1_CasRx_4","depleted"
22275.5780310983,-17.7837708041442,4.24981019563884,-4.18460354356388,2.85664216932206e-05,0.000343827158781553,"XLF_CRISPRa_2_EXO1_CasRx_4","depleted"
2759.99333007245,14.7563644661148,4.48446563817915,3.29055135142176,0.000999912494941173,0.00476171921134607,"XLF_CRISPRa_4_EXO1_CasRx_4","enriched"
5115.19863996106,16.1160359309325,4.50262250508524,3.57925540343013,0.000344574586767304,0.00182717659253365,"XLF_CRISPRa_5_EXO1_CasRx_4","enriched"
14428.6184964324,17.5592826046377,4.27231428160055,4.11001659692026,3.95630680621832e-05,0.000373186247778863,"XRCC1_CRISPRa_2_EXO1_CasRx_5","enriched"
30303.3688187866,18.6553844803677,4.31679399157998,4.32158322050009,1.54913601339808e-05,0.000343827158781553,"NT_CRISPRa_3_MRE11_CasRx_1","enriched"
22872.9385079669,18.2670154233175,4.25520186592844,4.29286694236111,1.76380715634168e-05,0.000343827158781553,"BRCA1_CRISPRa_1_MRE11_CasRx_2","enriched"
19932.7925163705,18.0314685522001,4.23631247259999,4.25640664347251,2.07738721415582e-05,0.000343827158781553,"XRCC1_CRISPRa_4_MRE11_CasRx_2","enriched"
30136.8497504944,18.4649326357342,4.3196864897265,4.27460017750114,1.91480597227988e-05,0.000343827158781553,"NT_CRISPRa_5_MRE11_CasRx_2","enriched"
9236.00745793061,-16.4480381899569,4.39427221129984,-3.74306310557203,0.000181790550321981,0.00112600618831268,"POLQ_CRISPRa_5_MRE11_CasRx_3","depleted"
25410.6572552423,18.1026258565043,4.2903750326805,4.2193574497832,2.44999572677028e-05,0.000343827158781553,"NBN_CRISPRa_4_MRE11_CasRx_3","enriched"
14648.2538907792,16.4512760423357,4.32527679021834,3.80351983011595,0.000142654568375327,0.000939222359571783,"LIG3_CRISPRa_2_MRE11_CasRx_3","enriched"
4238.63837250796,-14.684765230013,4.51916655654335,-3.24944102995071,0.00115632050050254,0.00540166862377615,"NT_CRISPRa_2_MRE11_CasRx_3","depleted"
31883.1602291557,18.5922540051448,4.31326594143341,4.31048172257287,1.62899293335973e-05,0.000343827158781553,"XRCC1_CRISPRa_5_MRE11_CasRx_4","enriched"
23083.7615670475,-17.7067583736398,4.25923433749707,-4.15726324747023,3.22082779186843e-05,0.000343827158781553,"RAD51_CRISPRa_1_MRE11_CasRx_5","depleted"
20070.1021953152,-17.6220254109534,4.23728984055496,-4.1587963236061,3.19929006528752e-05,0.000343827158781553,"BRCA1_CRISPRa_1_MRE11_CasRx_5","depleted"
16522.252328483,17.7816037077042,4.24727993601919,4.1865862329692,2.83181375484578e-05,0.000343827158781553,"BRCA1_CRISPRa_4_MRE11_CasRx_5","enriched"
16989.4062165211,-17.0457208225613,4.24887949829149,-4.01181554558457,6.02535714401454e-05,0.000505203022075065,"XRCC4_CRISPRa_2_MRE11_CasRx_5","depleted"
21606.8804183885,-17.7558245561735,4.2440300973184,-4.18371786934136,2.867799850465e-05,0.000343827158781553,"53BP1_CRISPRa_3_RAD50_CasRx_1","depleted"
10773.8853516071,17.1796842973286,4.34930326042472,3.94998538125643,7.81559665405421e-05,0.000606301634860449,"ATM_CRISPRa_5_RAD50_CasRx_3","enriched"
44116.9568043379,-18.5986952478343,4.02287262249501,-4.62323742090032,3.77796888351304e-06,0.000264727676766164,"BRCA1_CRISPRa_3_RAD50_CasRx_4","depleted"
20204.0627679014,-17.6543425567151,4.23734607211906,-4.16636787655306,3.09491128158771e-05,0.000343827158781553,"53BP1_CRISPRa_3_RAD50_CasRx_4","depleted"
18112.2293504522,17.9394645116148,4.23783877770981,4.23316351862483,2.3042683715601e-05,0.000343827158781553,"POLD3_CRISPRa_4_RAD50_CasRx_5","enriched"
22477.2921757924,-17.7609583333162,4.25185009966785,-4.17723059773524,2.95079835897591e-05,0.000343827158781553,"ATM_CRISPRa_4_PALB2_CasRx_1","depleted"
46063.4431674306,19.2587513814264,3.9654953852532,4.85658146345232,1.19429660054024e-06,0.000146450620641247,"XLF_CRISPRa_1_PALB2_CasRx_1","enriched"
10208.0485574642,16.8709327767188,4.36571133071322,3.86441784596019,0.000111354459952638,0.000769286797278437,"LIG3_CRISPRa_1_PALB2_CasRx_1","enriched"
34829.8317199086,-18.4421276883429,4.27439348916328,-4.31456012065772,1.59921009767205e-05,0.000343827158781553,"POLD3_CRISPRa_5_PALB2_CasRx_2","depleted"
40422.3392246565,-18.6128263995632,4.12842455442275,-4.50845744041112,6.53006645859653e-06,0.000343827158781553,"MRE11_CRISPRa_3_PALB2_CasRx_2","depleted"
29448.5823598936,18.5993866271759,4.31636557599762,4.30903877340767,1.63965623390007e-05,0.000343827158781553,"53BP1_CRISPRa_4_PALB2_CasRx_2","enriched"
32243.0224948763,-18.2407906830408,4.30918406427843,-4.23300337394504,2.30591044342228e-05,0.000343827158781553,"RAD51_CRISPRa_4_PALB2_CasRx_4","depleted"
12879.6648943503,17.2873570182937,4.3001650607308,4.02016126686909,5.81583162047428e-05,0.000496115723450893,"NBN_CRISPRa_4_PALB2_CasRx_4","enriched"
11578.491007093,-15.849038315886,4.34181720038909,-3.65032372032283,0.000261910008250742,0.00146996102398874,"XRCC1_CRISPRa_5_PALB2_CasRx_4","depleted"
11216.1808708765,-16.5895839338669,4.3411069544064,-3.82151006830821,0.000132636997749257,0.00088514894416341,"XLF_CRISPRa_3_PALB2_CasRx_4","depleted"
6766.65475324365,15.6338521283475,4.47666237358177,3.49230092057151,0.000478878418091511,0.00245957972852237,"CtIP_CRISPRa_1_NBN_CasRx_1","enriched"
4305.81252751119,-15.1209778289661,4.51361027483653,-3.35008494491999,0.000807867815443022,0.00400261781287679,"PALB2_CRISPRa_1_NBN_CasRx_1","depleted"
8936.70084071484,16.66444957734,4.40417841830903,3.7837816715287,0.000154463333226048,0.00100196130861118,"PALB2_CRISPRa_5_NBN_CasRx_1","enriched"
26715.1975042917,-18.0343908421955,4.29875008051241,-4.19526385680132,2.72554115871266e-05,0.000343827158781553,"DNA-PKcs_CRISPRa_3_NBN_CasRx_1","depleted"
7366.45238932759,15.2275349126863,4.48880860743491,3.3923332991887,0.000693000862053627,0.00346973272575809,"LIG4_CRISPRa_5_NBN_CasRx_1","enriched"
32878.075453195,18.6454177101277,4.30481873316965,4.33128985582141,1.48238384285404e-05,0.000343827158781553,"CtIP_CRISPRa_2_NBN_CasRx_2","enriched"
21726.9151978021,18.1925546596446,4.24492079286531,4.2857229963447,1.82145833715053e-05,0.000343827158781553,"DNA-PKcs_CRISPRa_3_NBN_CasRx_2","enriched"
27340.2410683026,-17.9923514163733,4.30550863698536,-4.17891425459344,2.92904083590556e-05,0.000343827158781553,"LIG4_CRISPRa_5_NBN_CasRx_2","depleted"
9460.6810564344,-16.3092285373969,4.38884013641519,-3.71606803402921,0.000202347118571254,0.00121780689152393,"LIG3_CRISPRa_2_NBN_CasRx_2","depleted"
15754.742027115,15.5378886238362,4.30697171171752,3.60761334502476,0.000309026552559679,0.00167383367488811,"LIG3_CRISPRa_3_NBN_CasRx_2","enriched"
28074.1960770856,-18.1229802665319,4.30943831055414,-4.20541587105385,2.60602516170978e-05,0.000343827158781553,"53BP1_CRISPRa_4_NBN_CasRx_3","depleted"
13782.0286274532,-17.0731143205019,4.28302379443261,-3.98622915490098,6.71316789832678e-05,0.000544265926302361,"XRCC1_CRISPRa_3_NBN_CasRx_4","depleted"
10069.4125190051,15.6694586663156,4.40671738469414,3.55581202478297,0.000376813433617551,0.00196624456584477,"BRCA1_CRISPRa_1_NBN_CasRx_5","enriched"
25040.7812351998,18.369957935245,4.28118433381704,4.290858907929,1.77983375413413e-05,0.000343827158781553,"POLQ_CRISPRa_2_NBN_CasRx_5","enriched"
25318.5954237461,15.893390060511,4.35131906619901,3.65254531297662,0.000259653759029051,0.00146996102398874,"LIG3_CRISPRa_2_XRCC1_CasRx_1","enriched"
21929.1093121972,-17.5060424466679,4.2501063238596,-4.11896576525415,3.80576677586397e-05,0.000369649228427976,"BRCA2_CRISPRa_3_XRCC1_CasRx_2","depleted"
20956.0795342045,18.0074301474017,4.24243028136275,4.24460249270553,2.18981261330431e-05,0.000343827158781553,"CtIP_CRISPRa_1_XRCC1_CasRx_3","enriched"
8223.43129476928,-14.5344329472402,4.48233025639892,-3.24260643813361,0.00118441697752217,0.00550669694288741,"DNA-PKcs_CRISPRa_3_XRCC1_CasRx_3","depleted"
17352.0602934298,-17.3988746321748,4.24197366302701,-4.10159892877769,4.10305014763573e-05,0.000379725678757608,"ATM_CRISPRa_4_XRCC1_CasRx_5","depleted"
24419.0934665901,-17.9277764892716,4.27281707965129,-4.19577439311647,2.7194083648113e-05,0.000343827158781553,"BRCA1_CRISPRa_2_XRCC1_CasRx_5","depleted"
18469.6187884799,-13.7558575943264,4.33415425256353,-3.17382741654619,0.00150443115360658,0.00686440447296771,"POLQ_CRISPRa_3_XRCC1_CasRx_5","depleted"
57817.7145573876,-18.4788326341245,3.66684198524353,-5.03944067087942,4.66894333199427e-07,7.63372234781064e-05,"MRE11_CRISPRa_3_XRCC1_CasRx_5","depleted"
29303.5240410417,18.3272970063591,4.32040515621036,4.24203201869031,2.21505080653305e-05,0.000343827158781553,"MRE11_CRISPRa_4_XRCC1_CasRx_5","enriched"
8090.91670798288,16.420903087995,4.43201690316369,3.70506328084473,0.000211337964065075,0.00125795945707124,"LIG3_CRISPRa_2_XRCC1_CasRx_5","enriched"
40851.9795451629,18.8585096137816,4.11955385047288,4.57780388320858,4.69882903381609e-06,0.000271150075421975,"NBN_CRISPRa_1_KU70_CasRx_1","enriched"
20496.5311191855,-17.5973307757458,4.2381895007642,-4.1520868221142,3.29457216365606e-05,0.000343827158781553,"BRCA1_CRISPRa_2_KU70_CasRx_3","depleted"
11787.5968614954,16.7972285883105,4.32692053873213,3.88202843984566,0.000103588758864758,0.000736380959755998,"BRCA2_CRISPRa_4_KU70_CasRx_3","enriched"
11429.0292635111,17.0033930726875,4.33741718188352,3.92016547167912,8.84881899075383e-05,0.000657628138631024,"MRE11_CRISPRa_3_KU70_CasRx_3","enriched"
31661.7825185152,18.7450131358639,4.31155010681213,4.34762734317926,1.37618170458212e-05,0.000343827158781553,"DNA-PKcs_CRISPRa_5_KU70_CasRx_3","enriched"
22423.4244525094,-17.7318303705919,4.25165157924853,-4.1705746672981,3.03832481338483e-05,0.000343827158781553,"POLQ_CRISPRa_1_KU70_CasRx_4","depleted"
15397.1765509271,17.5870011652427,4.25936315282546,4.12902129595978,3.64310662944269e-05,0.000360998747826594,"DNA-PKcs_CRISPRa_2_KU70_CasRx_4","enriched"
11958.6584622667,-16.6512889345198,4.32108983159102,-3.85349288801728,0.000116444647307381,0.000793279159781534,"PALB2_CRISPRa_2_KU70_CasRx_5","depleted"
15811.1794549837,-17.1774497558594,4.25595282104136,-4.03609966514064,5.43471366423627e-05,0.000467671412685595,"RAD51_CRISPRa_2_DNA-PKcs_CasRx_1","depleted"
18603.6182491749,17.9644654948014,4.23621804889237,4.2406848012695,2.22838879329522e-05,0.000343827158781553,"POLQ_CRISPRa_2_DNA-PKcs_CasRx_1","enriched"
12847.0940689603,-16.7518843558637,4.30200180036594,-3.89397427830893,9.86151109951477e-05,0.000706141780191532,"PALB2_CRISPRa_2_DNA-PKcs_CasRx_1","depleted"
8269.89665340443,-16.2768693637946,4.42635031182851,-3.67726641976303,0.000235746781786235,0.00135244206393156,"NBN_CRISPRa_3_DNA-PKcs_CasRx_1","depleted"
20773.6591008428,-17.6763004458232,4.23975539026793,-4.16917930840961,3.05698421346406e-05,0.000343827158781553,"MRE11_CRISPRa_4_DNA-PKcs_CasRx_2","depleted"
50378.3663535026,-18.5492311685993,3.85276646781961,-4.81452258358572,1.4755221736509e-06,0.000148715331593028,"LIG4_CRISPRa_3_DNA-PKcs_CasRx_2","depleted"
15057.3952987018,-14.142513136817,4.34611457991894,-3.25405897077862,0.00113768660430704,0.00534005052069474,"LIG3_CRISPRa_3_DNA-PKcs_CasRx_2","depleted"
14247.0541838029,-16.6878150321472,4.27872446350435,-3.90018454670007,9.61193919921523e-05,0.000693331790766922,"LIG3_CRISPRa_1_DNA-PKcs_CasRx_3","depleted"
51156.4463115491,19.4363240081538,3.82438675700886,5.08220670216823,3.73075104967651e-07,7.63372234781064e-05,"NBN_CRISPRa_2_DNA-PKcs_CasRx_4","enriched"
6856.60160261341,-15.8903397989284,4.46711670280164,-3.55718035952866,0.000374856797486532,0.00196624456584477,"XRCC1_CRISPRa_4_DNA-PKcs_CasRx_4","depleted"
7787.14471646686,16.3518001947453,4.44155781796117,3.68154617477237,0.000231823792594833,0.00133775965020901,"ATM_CRISPRa_5_DNA-PKcs_CasRx_5","enriched"
36981.4755802453,15.7659695006414,4.32015660548465,3.64939768170111,0.000262855910033656,0.00146996102398874,"POLQ_CRISPRa_3_DNA-PKcs_CasRx_5","enriched"
24990.8206589783,18.4041129758052,4.27952658219893,4.30050208178604,1.70411570437605e-05,0.000343827158781553,"MRE11_CRISPRa_2_DNA-PKcs_CasRx_5","enriched"
19299.6157364409,17.3006007665182,4.24111121818361,4.07926127764405,4.51790370394866e-05,0.000395719958354789,"MRE11_CRISPRa_4_DNA-PKcs_CasRx_5","enriched"
16937.1854409279,17.8322500821974,4.24398457397261,4.20177071131655,2.64835301124227e-05,0.000343827158781553,"PALB2_CRISPRa_4_DNA-PKcs_CasRx_5","enriched"
56619.5699005423,19.56413948378,3.68250286667317,5.31272892163545,1.07995629469142e-07,6.19932758057026e-05,"XRCC1_CRISPRa_4_DNA-PKcs_CasRx_5","enriched"
8092.91141194045,-15.8929682171948,4.43349311311536,-3.58475085259058,0.000337400137990976,0.0017988561704845,"LIG4_CRISPRa_1_DNA-PKcs_CasRx_5","depleted"
11389.9158181853,-16.7551850086148,4.3348074646609,-3.86526625350949,0.00011096807914534,0.000769286797278437,"LIG3_CRISPRa_2_DNA-PKcs_CasRx_5","depleted"
19671.7057285546,-17.5738323603223,4.23629340978382,-4.14839829548519,3.3480952859037e-05,0.000345734892154898,"BRCA1_CRISPRa_2_XRCC4_CasRx_1","depleted"
7085.20371773471,16.0411573865167,4.46325376441201,3.59405004358517,0.000325577261235014,0.00174530761350573,"BRCA1_CRISPRa_4_XRCC4_CasRx_1","enriched"
19513.2963541072,18.0210072422297,4.2361094136011,4.25414111929419,2.09852930807303e-05,0.000343827158781553,"BRCA1_CRISPRa_2_XRCC4_CasRx_2","enriched"
25093.9073766084,-17.8053823483382,4.28315980852445,-4.15706701227947,3.22359456524062e-05,0.000343827158781553,"BRCA2_CRISPRa_5_XRCC4_CasRx_2","depleted"
59254.2923368906,-18.9473604652678,3.62049370119756,-5.23336374235385,1.664527213287e-07,6.19932758057026e-05,"53BP1_CRISPRa_5_XRCC4_CasRx_2","depleted"
14815.140283541,-16.7996004458518,4.27327338240569,-3.93131890766003,8.44811196553699e-05,0.000632641056350518,"BRCA1_CRISPRa_3_XRCC4_CasRx_3","depleted"
12864.1470623863,-16.96627716233,4.30097694780206,-3.94474961578213,7.98834031026396e-05,0.000607485414292166,"EXO1_CRISPRa_2_XRCC4_CasRx_3","depleted"
8541.90008804463,16.8101119682369,4.41583334360918,3.80678133892109,0.000140787117510154,0.000933190285658523,"RAD51_CRISPRa_3_XRCC4_CasRx_4","enriched"
32978.3155430699,18.8040963291871,4.30089107184476,4.37213963689657,1.23034789762915e-05,0.000343827158781553,"POLQ_CRISPRa_1_XRCC4_CasRx_4","enriched"
32562.0941843721,18.7713865500825,4.30544494743263,4.35991791307796,1.30111242866769e-05,0.000343827158781553,"MRE11_CRISPRa_2_XRCC4_CasRx_4","enriched"
24929.2398742822,-17.8776183640105,4.28015658812749,-4.17686082177467,2.95559742253317e-05,0.000343827158781553,"PALB2_CRISPRa_1_XRCC4_CasRx_5","depleted"
30862.2581877101,-16.822693697064,4.36933850799009,-3.85016946302073,0.000118036127414841,0.000798575455130749,"PALB2_CRISPRa_3_XRCC4_CasRx_5","depleted"
36706.4082511647,18.9198092013781,4.2352606417109,4.46721248157591,7.92454107906658e-06,0.000343827158781553,"RAD50_CRISPRa_2_XLF_CasRx_1","enriched"
13521.8912153216,-16.9336642204643,4.28813323704196,-3.94895943861705,7.8491648957469e-05,0.000606301634860449,"PALB2_CRISPRa_2_XLF_CasRx_1","depleted"
20467.7650865249,-17.6818089197772,4.23804196988877,-4.17216465655748,3.01719466883143e-05,0.000343827158781553,"RAD50_CRISPRa_5_XLF_CasRx_2","depleted"
26894.3397076076,-17.6322540480397,4.30712062729195,-4.09374511972416,4.24460896919069e-05,0.000382014807227162,"LIG4_CRISPRa_5_XLF_CasRx_2","depleted"
18767.0654597193,-17.5531021118868,4.23615141402528,-4.14364369832745,3.41830707837444e-05,0.000349308254571388,"53BP1_CRISPRa_2_XLF_CasRx_2","depleted"
12288.5779510704,16.3542006776241,4.32362425636113,3.78252126177779,0.000155247827633945,0.00100196130861118,"NBN_CRISPRa_1_XLF_CasRx_3","enriched"
19191.4434535369,17.9906740861854,4.23609237200564,4.24699758793678,2.16654291101501e-05,0.000343827158781553,"DNA-PKcs_CRISPRa_5_XLF_CasRx_3","enriched"
8295.58730832602,13.8000815887064,4.4914982251349,3.07248960079283,0.00212281229715314,0.00964110584957051,"MRE11_CRISPRa_2_XLF_CasRx_4","enriched"
8188.21855990996,16.0936515972861,4.43270572342951,3.63066095550207,0.000282696343482036,0.00155800625256111,"LIG3_CRISPRa_1_XLF_CasRx_4","enriched"
24763.6146166327,18.3888796098655,4.27699761926094,4.29948324662454,1.71196816068826e-05,0.000343827158781553,"RAD51_CRISPRa_5_XLF_CasRx_5","enriched"
35810.162723878,18.8780148389324,4.25552308445519,4.43612088673447,9.1594424403022e-06,0.000343827158781553,"POLQ_CRISPRa_3_XLF_CasRx_5","enriched"
15680.7002344564,16.5206378867364,4.27203428608011,3.86715947963405,0.000110110423527051,0.000769286797278437,"PALB2_CRISPRa_4_XLF_CasRx_5","enriched"
20611.2469688031,17.9951414522143,4.23864491208394,4.24549397872703,2.18112366513612e-05,0.000343827158781553,"ATM_CRISPRa_3_LIG4_CasRx_1","enriched"
30903.5324848154,-17.0065911297654,4.34725229411513,-3.91203223994779,9.1522689906496e-05,0.000672459499304802,"BRCA2_CRISPRa_2_LIG4_CasRx_1","depleted"
10246.9717605724,-16.173788092657,4.3680388723597,-3.70275736212017,0.000213268832919938,0.0012603417174365,"NBN_CRISPRa_1_LIG4_CasRx_1","depleted"
18512.0706392808,17.9400255077837,4.23637270882969,4.23476090061482,2.28795012425047e-05,0.000343827158781553,"ATM_CRISPRa_5_LIG4_CasRx_2","enriched"
14846.5391085444,-14.6402250264631,4.33208990535916,-3.3794831931701,0.000726222475045947,0.00361636674121865,"POLQ_CRISPRa_1_LIG4_CasRx_2","depleted"
8117.7440085326,16.7336077034255,4.42919049747143,3.77802844853446,0.000158074825085295,0.00101353858437042,"DNA-PKcs_CRISPRa_2_LIG4_CasRx_2","enriched"
24946.6704047616,18.2526972897119,4.28175211963512,4.26290377857451,2.01787424040409e-05,0.000343827158781553,"BRCA1_CRISPRa_5_LIG4_CasRx_3","enriched"
29076.4779306448,-18.1338466147756,4.31513894232928,-4.20237838390137,2.64125155361281e-05,0.000343827158781553,"BRCA2_CRISPRa_2_LIG4_CasRx_4","depleted"
48302.3601634496,18.9899201833643,3.90947695042743,4.85740686648328,1.18933047385256e-06,0.000146450620641247,"DNA-PKcs_CRISPRa_3_LIG4_CasRx_4","enriched"
6919.97395518808,-15.2711845423797,4.49217057535207,-3.39951127995241,0.000675063952943046,0.00341359658678932,"RAD50_CRISPRa_4_LIG4_CasRx_5","depleted"
6462.05920668408,15.7910200288604,4.48074613803669,3.52419430657132,0.000424772633431738,0.00220477224019331,"ATM_CRISPRa_1_53BP1_CasRx_1","enriched"
9271.76721681357,-14.7650546060856,4.44962762887186,-3.31826746810926,0.000905777046954696,0.00442073275155501,"EXO1_CRISPRa_5_53BP1_CasRx_1","depleted"
27613.5428046056,18.4272057844657,4.30838803206603,4.27705342399932,1.89383365632972e-05,0.000343827158781553,"NBN_CRISPRa_2_53BP1_CasRx_1","enriched"
13048.3822631193,17.1587197384375,4.30235478391983,3.98821589576218,6.65720659906604e-05,0.000544226639473649,"NT_CRISPRa_1_53BP1_CasRx_1","enriched"
45312.7141081372,-18.6786120866314,3.9880874540167,-4.6836014259965,2.81877873887982e-06,0.000230435161903426,"BRCA1_CRISPRa_1_53BP1_CasRx_2","depleted"
9869.69558536416,-16.514028727455,4.37694931432382,-3.77295406949582,0.000161325995905292,0.00102103743214898,"XRCC1_CRISPRa_4_53BP1_CasRx_2","depleted"
17132.135027745,-17.3819490149396,4.24335571447683,-4.09627431319004,4.19852401653529e-05,0.000382014807227162,"POLQ_CRISPRa_3_53BP1_CasRx_3","depleted"
19212.8519761871,18.0116780057672,4.23560514213421,4.25244502293045,2.1144913662231e-05,0.000343827158781553,"EXO1_CRISPRa_1_53BP1_CasRx_4","enriched"
16017.7971063854,-17.3002051608799,4.25212181890956,-4.06860525113471,4.72953961225135e-05,0.00041059100527598,"DNA-PKcs_CRISPRa_4_53BP1_CasRx_4","depleted"
24922.1145867648,-17.8702610372331,4.28015688681986,-4.17514159171643,2.97800769951691e-05,0.000343827158781553,"ATM_CRISPRa_1_53BP1_CasRx_5","depleted"
24898.7608439258,18.3181305678266,4.27827141883761,4.28166630269653,1.85499014087834e-05,0.000343827158781553,"EXO1_CRISPRa_1_53BP1_CasRx_5","enriched"
24499.9828304313,18.3702494798135,4.27354836666021,4.2985940262494,1.71884980695551e-05,0.000343827158781553,"NBN_CRISPRa_4_53BP1_CasRx_5","enriched"
30748.3559008522,18.6634155898348,4.31495368960392,4.32528757719945,1.52333001354855e-05,0.000343827158781553,"XLF_CRISPRa_3_53BP1_CasRx_5","enriched"
8663.79523165696,15.40206309185,4.45512979179028,3.45715249872905,0.00054591582100166,0.00277483637514315,"LIG4_CRISPRa_4_53BP1_CasRx_5","enriched"
18498.873268212,-13.9624390527371,4.32512166231975,-3.22821879772243,0.00124563659685554,0.0057369460165037,"LIG4_CRISPRa_2_LIG3_CasRx_1","depleted"
8682.20741958975,-16.3441604321832,4.41165429396646,-3.70476908277607,0.000211583394920239,0.00125795945707124,"CtIP_CRISPRa_4_LIG3_CasRx_2","depleted"
36181.0817208831,18.903454417115,4.24798816431267,4.44997812751052,8.58790352323219e-06,0.000343827158781553,"BRCA1_CRISPRa_4_LIG3_CasRx_2","enriched"
46360.7852610828,-18.6354823975554,3.95950883297674,-4.70651365703491,2.51989111348476e-06,0.000224728471120777,"BRCA1_CRISPRa_5_LIG3_CasRx_2","depleted"
6518.44174696709,-14.7215276693931,4.51157809772347,-3.26305504426967,0.00110218110207939,0.00519826760163403,"POLQ_CRISPRa_3_LIG3_CasRx_2","depleted"
55070.3900180046,-18.8230421096912,3.72588442636636,-5.05196617922157,4.37285142961714e-07,7.63372234781064e-05,"DNA-PKcs_CRISPRa_3_LIG3_CasRx_2","depleted"
4306.99365830446,-14.9178315824226,4.51568633234038,-3.30355797203723,0.000954662286093895,0.00461341725447345,"XRCC4_CRISPRa_3_LIG3_CasRx_3","depleted"
4310.57467543725,-15.3066163270961,4.51224570294962,-3.39223910548361,0.000693239158255438,0.00346973272575809,"ATM_CRISPRa_3_NT_CasRx_2","depleted"
18660.6254896119,-17.5360726928191,4.23607861625742,-4.13969481716377,3.47768157453295e-05,0.00035171192006359,"BRCA2_CRISPRa_5_NT_CasRx_3","depleted"
18368.0625806969,-17.5261456609465,4.23686345424468,-4.13658496437689,3.52512866103271e-05,0.000352872573109499,"KU70_CRISPRa_5_NT_CasRx_3","depleted"
22210.7071202161,17.9266389478041,4.25403167782967,4.21403513312574,2.50848239188435e-05,0.000343827158781553,"DNA-PKcs_CRISPRa_1_NT_CasRx_3","enriched"
17084.177262897,-17.3484931027728,4.24302445073328,-4.08870919887692,4.33780240674595e-05,0.000384113740487431,"XRCC4_CRISPRa_2_NT_CasRx_3","depleted"
12922.5118226201,16.4733668555699,4.30948001736456,3.8225880591608,0.000132058294786451,0.00088514894416341,"PALB2_CRISPRa_2_NT_CasRx_4","enriched"
21691.3213303935,18.0979789712628,4.24470370947711,4.2636613082924,2.01104199763749e-05,0.000343827158781553,"BRCA2_CRISPRa_5_NT_CasRx_5","enriched"
8799.44666670425,14.8284091010249,4.46820068755392,3.31865333227513,0.000904526470759479,0.00442073275155501,"EXO1_CRISPRa_2_NT_CasRx_5","enriched"
8900.80727109542,-16.4524913577563,4.40454621059955,-3.73534311393154,0.000187459418579926,0.00114936056016817,"XRCC1_CRISPRa_1_NT_CasRx_5","depleted"
14747.0430733033,-17.1443123879098,4.26878195269443,-4.0162071002686,5.91422876370442e-05,0.000500160208378796,"KU70_CRISPRa_1_NT_CasRx_5","depleted"
5598.28042085623,16.2229146227756,4.49529890823188,3.60886227010797,0.000307542824444068,0.00167383367488811,"53BP1_CRISPRa_5_NT_CasRx_5","enriched"
