"","DDR1","DDR2","DDR3","DDR4"
"ATM_CRISPRa_1_CtIP_CasRx_1",31909.958787436,11533.237702664,0,0
"ATM_CRISPRa_3_CtIP_CasRx_1",45522.8025666082,68127.6137248399,0,0
"ATM_CRISPRa_4_CtIP_CasRx_1",2299.88684853595,0,0,70075.7722749117
"RAD51_CRISPRa_3_CtIP_CasRx_1",112587.619618236,23240.4472398724,0,0
"BRCA1_CRISPRa_5_CtIP_CasRx_1",7416.35809772824,117579.411840651,0,24155.2037840198
"BRCA2_CRISPRa_2_CtIP_CasRx_1",0,0,11329.9616158361,11682.2207072325
"POLQ_CRISPRa_1_CtIP_CasRx_1",38278.35324092,0,0,9486.37707121384
"POLQ_CRISPRa_4_CtIP_CasRx_1",32059.5291314709,35620.4289764029,39545.4267133192,0
"POLD3_CRISPRa_5_CtIP_CasRx_1",0,28901.2230869711,24777.869872222,0
"EXO1_CRISPRa_3_CtIP_CasRx_1",43869.758894223,0,33627.4281762724,0
"MRE11_CRISPRa_4_CtIP_CasRx_1",35914.3648163692,55242.748692254,0,0
"RAD50_CRISPRa_2_CtIP_CasRx_1",0,29378.1248991488,63156.7987069859,38156.1319066527
"PALB2_CRISPRa_4_CtIP_CasRx_1",39814.8485932781,29089.7939565822,0,0
"PALB2_CRISPRa_5_CtIP_CasRx_1",103.922252024217,0,0,54.503481079133
"NBN_CRISPRa_1_CtIP_CasRx_1",0,0,139200.591209061,2906.23646567716
"NBN_CRISPRa_5_CtIP_CasRx_1",37728.6336647919,67380.629763929,88486.0111213697,13586.1473937425
"DNA-PKcs_CRISPRa_3_CtIP_CasRx_1",36608.798556531,0,72571.7383679291,0
"DNA-PKcs_CRISPRa_4_CtIP_CasRx_1",0,37026.8026878248,42.7545721352307,0
"XLF_CRISPRa_5_CtIP_CasRx_1",13600.2177111693,45007.6085242674,0,0
"LIG4_CRISPRa_3_CtIP_CasRx_1",0,25631.0392320386,0,47628.652160643
"53BP1_CRISPRa_3_CtIP_CasRx_1",111874.73239407,84305.777751214,0,0
"53BP1_CRISPRa_4_CtIP_CasRx_1",0,49652.5348479775,415.421290448287,0
"NT_CRISPRa_1_CtIP_CasRx_1",85591.1437559454,0,3537.78131220476,160.739079792697
"NT_CRISPRa_5_CtIP_CasRx_1",0,23701.5334307279,45767.812278851,0
"ATM_CRISPRa_1_CtIP_CasRx_2",24198.344945639,0,2597.818853172,8800.92651255762
"BRCA1_CRISPRa_5_CtIP_CasRx_2",67600.9393237531,45652.3992397117,0,0
"EXO1_CRISPRa_4_CtIP_CasRx_2",40392.7340134128,0,51.0502353853501,8692.84333821426
"EXO1_CRISPRa_5_CtIP_CasRx_2",3640.19252884828,33760.2685916589,0,0
"NBN_CRISPRa_1_CtIP_CasRx_2",13536.1161351543,66577.6828352625,0,54871.1486294634
"KU70_CRISPRa_5_CtIP_CasRx_2",62251.3714345065,0,0,42526.5720589472
"DNA-PKcs_CRISPRa_5_CtIP_CasRx_2",19580.1177645628,27948.6360488714,0,0
"XRCC4_CRISPRa_1_CtIP_CasRx_2",73005.8676650126,65940.1916373515,0,0
"LIG4_CRISPRa_3_CtIP_CasRx_2",0,40871.2152553795,65637.8401467139,0
"LIG4_CRISPRa_5_CtIP_CasRx_2",36042.567968399,56410.671497587,0,0
"53BP1_CRISPRa_3_CtIP_CasRx_2",25463.8654539339,0,0,202.309531463222
"53BP1_CRISPRa_4_CtIP_CasRx_2",0,26931.5699392271,9289.86658424909,0
"NT_CRISPRa_5_CtIP_CasRx_2",27393.7113863836,0,0,107067.93153479
"ATM_CRISPRa_4_CtIP_CasRx_3",8369.14061395027,73371.1004862831,0,0
"POLQ_CRISPRa_5_CtIP_CasRx_3",19375.186968515,0,0,13905.7779776981
"EXO1_CRISPRa_3_CtIP_CasRx_3",0,28269.814820338,1857.59044008443,0
"MRE11_CRISPRa_2_CtIP_CasRx_3",0,0,32636.4154818543,30180.1479128013
"MRE11_CRISPRa_4_CtIP_CasRx_3",8333.2048819419,0,20442.4286321211,0
"RAD50_CRISPRa_5_CtIP_CasRx_3",4459.9157130393,28880.5411206267,0,0
"PALB2_CRISPRa_5_CtIP_CasRx_3",193569.277317108,92905.8259917342,171504.542032968,146417.597298294
"NBN_CRISPRa_3_CtIP_CasRx_3",51454.1408199904,50246.2289406885,0,0
"KU70_CRISPRa_5_CtIP_CasRx_3",5906.0861173763,45716.8783112562,172648.705433543,84685.476567564
"DNA-PKcs_CRISPRa_1_CtIP_CasRx_3",0,37326.0829066914,0,8493.30517019574
"DNA-PKcs_CRISPRa_3_CtIP_CasRx_3",2680.61136062467,0,0,18197.6961657261
"XRCC4_CRISPRa_1_CtIP_CasRx_3",10052.2926023425,0,0,24763.0561662244
"XRCC4_CRISPRa_2_CtIP_CasRx_3",34778.9899321046,18561.4565010068,0,0
"LIG3_CRISPRa_3_CtIP_CasRx_3",47520.6350190738,61947.3555466191,0,0
"NT_CRISPRa_3_CtIP_CasRx_3",6586.92255353496,18430.0651854069,0,0
"NT_CRISPRa_4_CtIP_CasRx_3",32756.8765796334,64103.146391463,0,0
"RAD51_CRISPRa_2_CtIP_CasRx_4",0,0,31838.7555539582,41447.5878911434
"BRCA1_CRISPRa_1_CtIP_CasRx_4",0,0,58523.3517178231,24198.6218113201
"BRCA1_CRISPRa_5_CtIP_CasRx_4",0,0,43.3927000775476,6290.9950194728
"NBN_CRISPRa_5_CtIP_CasRx_4",76800.4867178969,47468.7625192558,18559.313074344,0
"LIG4_CRISPRa_3_CtIP_CasRx_4",4083.07614495148,0,0,6797.23074203831
"LIG4_CRISPRa_4_CtIP_CasRx_4",26670.140566215,66179.8591296959,0,0
"BRCA1_CRISPRa_2_CtIP_CasRx_5",0,63993.6536284631,0,13174.1380282969
"EXO1_CRISPRa_5_CtIP_CasRx_5",118506.331803616,0,0,73145.5191838262
"RAD50_CRISPRa_2_CtIP_CasRx_5",0,5837.18085415421,0,19453.123806176
"NBN_CRISPRa_5_CtIP_CasRx_5",15489.2717316095,2485.48572009943,0,0
"DNA-PKcs_CRISPRa_2_CtIP_CasRx_5",0,35133.7944741808,104764.016801931,0
"XLF_CRISPRa_5_CtIP_CasRx_5",24768.4604777718,0,645.785477624679,0
"53BP1_CRISPRa_3_CtIP_CasRx_5",0,43732.6261284455,0,63469.7656105578
"NT_CRISPRa_4_CtIP_CasRx_5",0,64.4790715444296,41273.4771811133,0
"CtIP_CRISPRa_3_ATM_CasRx_1",34788.7022921069,0,0,37418.0254425471
"BRCA2_CRISPRa_4_ATM_CasRx_1",42478.9489418989,71653.2806934391,0,0
"EXO1_CRISPRa_5_ATM_CasRx_1",32846.2302916542,44491.775951912,0,0
"RAD50_CRISPRa_5_ATM_CasRx_1",68219.6166558973,46626.8848304115,0,0
"XRCC1_CRISPRa_3_ATM_CasRx_1",0,0,31104.9084202938,82633.7438306699
"KU70_CRISPRa_3_ATM_CasRx_1",67126.0049196425,53455.5834828433,0,0
"DNA-PKcs_CRISPRa_1_ATM_CasRx_1",31872.0805834272,35373.4619665252,0,0
"DNA-PKcs_CRISPRa_3_ATM_CasRx_1",43528.8550581436,0,0,92222.6613493377
"XRCC4_CRISPRa_4_ATM_CasRx_1",56782.3415172321,24497.180841861,0,0
"XLF_CRISPRa_5_ATM_CasRx_1",39173.8328331287,28643.3068007934,0,9280.37238849101
"BRCA1_CRISPRa_4_ATM_CasRx_2",38646.4516850058,0,45.3070839044982,0
"POLQ_CRISPRa_1_ATM_CasRx_2",0,89546.8313401461,165808.612019848,0
"POLQ_CRISPRa_4_ATM_CasRx_2",49110.5483514443,0,1075.88371074625,5137.18403866201
"XLF_CRISPRa_2_ATM_CasRx_2",0,37318.7833891581,105140.512287898,0
"XLF_CRISPRa_4_ATM_CasRx_2",28899.1271867344,0,50881.1314806362,0
"LIG4_CRISPRa_2_ATM_CasRx_2",25031.6654338332,69341.7668078841,74264.0536709535,0
"LIG4_CRISPRa_5_ATM_CasRx_2",33741.7098838629,72829.719602561,0,0
"BRCA2_CRISPRa_5_ATM_CasRx_3",25996.1027820579,0,13000.5805688217,0
"RAD50_CRISPRa_1_ATM_CasRx_3",33716.457747857,0,70.1940736548564,0
"XRCC1_CRISPRa_3_ATM_CasRx_3",0,0,158213.613250392,3151.96402444071
"KU70_CRISPRa_1_ATM_CasRx_3",0,0,4362.24261367817,11078.0634762875
"DNA-PKcs_CRISPRa_1_ATM_CasRx_3",35143.2034321895,78834.7893599819,0,0
"DNA-PKcs_CRISPRa_4_ATM_CasRx_3",0,55477.5498395761,1566.60409838793,0
"XLF_CRISPRa_1_ATM_CasRx_3",43557.9921381504,0,69881.3909631212,0
"BRCA2_CRISPRa_5_ATM_CasRx_4",38270.5833529182,26202.8347721495,0,0
"EXO1_CRISPRa_4_ATM_CasRx_4",22157.7781091635,0,21343.4652866726,0
"XRCC1_CRISPRa_2_ATM_CasRx_4",79021.7034504145,58931.4382190976,0,0
"DNA-PKcs_CRISPRa_3_ATM_CasRx_4",19589.830124565,0,0,18929.3361151273
"BRCA1_CRISPRa_5_ATM_CasRx_5",15727.2245516649,50352.0719449218,0,0
"RAD50_CRISPRa_2_ATM_CasRx_5",33029.793895697,27397.5224751048,0,0
"PALB2_CRISPRa_5_ATM_CasRx_5",0,13927.4794535968,48955.8994786661,0
"XRCC1_CRISPRa_3_ATM_CasRx_5",16923.7873039438,60266.0333414417,0,0
"XRCC4_CRISPRa_1_ATM_CasRx_5",56826.0471372422,29823.395468682,0,622.632987242977
"XLF_CRISPRa_3_ATM_CasRx_5",12175.4144988373,0,78557.3784668614,0
"BRCA2_CRISPRa_3_RAD51_CasRx_1",17894.0520681699,24154.1035177945,0,57402.3272422909
"POLQ_CRISPRa_3_RAD51_CasRx_1",20387.2148807509,0,33563.6153820408,0
"EXO1_CRISPRa_5_RAD51_CasRx_1",0,53021.26218961,108170.343758018,0
"MRE11_CRISPRa_2_RAD51_CasRx_1",0,22072.5244345394,0,10346.4235268863
"NBN_CRISPRa_1_RAD51_CasRx_1",11558.6796386935,42231.3586890903,0,0
"NBN_CRISPRa_2_RAD51_CasRx_1",0,0,41191.7968044967,1368.12975386773
"KU70_CRISPRa_1_RAD51_CasRx_1",0,15201.2452631632,0,11418.0173921709
"XRCC4_CRISPRa_2_RAD51_CasRx_1",0,33606.9787234589,885.083455993508,0
"LIG4_CRISPRa_3_RAD51_CasRx_1",30178.2449990325,56854.7254808647,0,0
"CtIP_CRISPRa_1_RAD51_CasRx_2",22781.3116213088,67212.7408606623,0,0
"ATM_CRISPRa_5_RAD51_CasRx_2",1485.99108034628,192.220628377734,509.226097968868,0
"BRCA1_CRISPRa_3_RAD51_CasRx_2",0,17752.4266410626,98673.7237204586,0
"BRCA1_CRISPRa_4_RAD51_CasRx_2",34720.715772091,0,5190.53268280547,0
"POLQ_CRISPRa_2_RAD51_CasRx_2",32747.1642196311,21239.162849484,0,0
"NBN_CRISPRa_3_RAD51_CasRx_2",15887.4784917023,87.5942103999799,0,0
"DNA-PKcs_CRISPRa_3_RAD51_CasRx_2",17051.9904559736,45990.6102187561,0,0
"POLQ_CRISPRa_4_RAD51_CasRx_3",0,1012.19976462199,4261.4183987921,0
"PALB2_CRISPRa_3_RAD51_CasRx_3",0,22308.5421681171,1223.92939336377,0
"DNA-PKcs_CRISPRa_2_RAD51_CasRx_3",0,2053.59759937731,3112.78810262172,0
"NT_CRISPRa_5_RAD51_CasRx_3",4222.93412898407,3172.85695448816,0,0
"BRCA1_CRISPRa_5_RAD51_CasRx_4",53983.2393645798,0,0,147743.232812676
"BRCA2_CRISPRa_1_RAD51_CasRx_4",34698.3773440858,0,143194.634000022,0
"BRCA2_CRISPRa_2_RAD51_CasRx_4",30521.0913071124,0,0,45542.7392745976
"BRCA2_CRISPRa_4_RAD51_CasRx_4",14432.5669633632,0,28519.8521259682,35861.4429744397
"POLQ_CRISPRa_4_RAD51_CasRx_4",0,0,42.1164441929139,1690.53170126802
"POLD3_CRISPRa_2_RAD51_CasRx_4",24760.69058977,0,3520.55185776221,0
"POLD3_CRISPRa_5_RAD51_CasRx_4",0,0,207563.237669468,36701.1660981843
"RAD50_CRISPRa_4_RAD51_CasRx_4",0,36581.5321182916,74016.4600293345,0
"PALB2_CRISPRa_1_RAD51_CasRx_4",0,17488.4274236071,0,38459.1343099401
"PALB2_CRISPRa_3_RAD51_CasRx_4",40258.7034453815,0,59148.0789733513,149097.50574932
"PALB2_CRISPRa_4_RAD51_CasRx_4",25838.7625500212,0,0,109315.507288443
"XRCC1_CRISPRa_3_RAD51_CasRx_4",0,35307.7663087252,69120.1043279371,0
"XRCC1_CRISPRa_4_RAD51_CasRx_4",25318.1800538999,0,0,61915.0307180802
"DNA-PKcs_CRISPRa_1_RAD51_CasRx_4",41119.2185415821,0,0,103939.985993536
"NT_CRISPRa_5_RAD51_CasRx_4",59660.1137859027,0,0,106056.383877474
"CtIP_CRISPRa_3_RAD51_CasRx_5",0,42950.3611661235,0,2133.94985242029
"BRCA2_CRISPRa_1_RAD51_CasRx_5",0,0,287.157574042594,97237.9053964328
"EXO1_CRISPRa_3_RAD51_CasRx_5",47524.5199630747,104307.672378798,0,0
"PALB2_CRISPRa_1_RAD51_CasRx_5",22362.7089052112,40132.7473982574,0,0
"NBN_CRISPRa_5_RAD51_CasRx_5",0,0,668.11995560577,3191.68690048143
"KU70_CRISPRa_1_RAD51_CasRx_5",44848.7647824512,0,11659.2356340717,0
"XLF_CRISPRa_4_RAD51_CasRx_5",0,25098.1744521053,0,47164.9106775629
"53BP1_CRISPRa_3_RAD51_CasRx_5",23865.2109975613,42685.1453624124,0,0
"LIG3_CRISPRa_3_RAD51_CasRx_5",45923.9230347017,0,24417.9657127553,0
"NT_CRISPRa_2_RAD51_CasRx_5",10550.5366704586,25797.7115490496,0,0
"NT_CRISPRa_5_RAD51_CasRx_5",46883.5042029253,0,1726.77421190947,0
"CtIP_CRISPRa_1_BRCA1_CasRx_1",62930.2653986647,19389.95174104,0,0
"ATM_CRISPRa_1_BRCA1_CasRx_1",16849.9733679266,0,2341.29142036062,0
"POLD3_CRISPRa_2_BRCA1_CasRx_1",22891.0612893343,0,21972.0213098547,0
"EXO1_CRISPRa_2_BRCA1_CasRx_1",0,67175.0266867401,0,27771.8330793555
"DNA-PKcs_CRISPRa_3_BRCA1_CasRx_1",23383.4779414491,0,20375.4251981779,4873.90451141535
"DNA-PKcs_CRISPRa_5_BRCA1_CasRx_1",24970.4775658189,51634.353858277,0,0
"XRCC4_CRISPRa_4_BRCA1_CasRx_1",0,19128.3856960956,0,81890.0946396749
"XLF_CRISPRa_1_BRCA1_CasRx_1",33391.0936877812,0,204687.833161388,0
"NT_CRISPRa_3_BRCA1_CasRx_1",0,55445.9185969317,0,41019.8741328444
"CtIP_CRISPRa_5_BRCA1_CasRx_2",39789.5964572722,19278.0258055289,0,8210.62609883617
"ATM_CRISPRa_3_BRCA1_CasRx_2",41719.4423897219,28312.3953392824,0,0
"PALB2_CRISPRa_4_BRCA1_CasRx_2",17126.7756279911,43326.28631909,0,0
"KU70_CRISPRa_1_BRCA1_CasRx_2",31510.780791343,24048.2605135611,0,77669.3081133943
"XLF_CRISPRa_5_BRCA1_CasRx_2",21639.1380850426,44972.3275228563,0,0
"53BP1_CRISPRa_3_BRCA1_CasRx_2",25994.1603100575,45541.6898904562,0,62559.8346128807
"MRE11_CRISPRa_2_BRCA1_CasRx_3",98129.8005188673,28043.5297768047,0,27862.3642852158
"RAD50_CRISPRa_1_BRCA1_CasRx_3",39792.5101652729,58697.853658031,0,473.903149043987
"PALB2_CRISPRa_1_BRCA1_CasRx_3",16497.4146998444,0,63478.4151899136,0
"XRCC1_CRISPRa_2_BRCA1_CasRx_3",0,35307.7663087252,117.415541386305,0
"LIG4_CRISPRa_5_BRCA1_CasRx_3",104.893488024443,68.1288303110955,0,0
"NT_CRISPRa_4_BRCA1_CasRx_3",19591.7725965655,0,0,12356.5858121099
"NBN_CRISPRa_5_BRCA1_CasRx_4",0,43711.9441621011,29722.7232972355,0
"NT_CRISPRa_1_BRCA1_CasRx_4",0,1347.97757115525,61528.2961981932,6804.62104455752
"CtIP_CRISPRa_3_BRCA1_CasRx_5",24680.0780017512,0,0,2453.58043637588
"RAD51_CRISPRa_2_BRCA1_CasRx_5",5166.97552120407,5136.42717095438,0,0
"NBN_CRISPRa_2_BRCA1_CasRx_5",34139.9166439557,40792.1371487684,213.772860676154,105928.901159017
"NBN_CRISPRa_4_BRCA1_CasRx_5",14865.7382194642,49746.2119896552,0,0
"XRCC4_CRISPRa_1_BRCA1_CasRx_5",38492.0251609698,0,4896.35570139739,0
"XRCC4_CRISPRa_4_BRCA1_CasRx_5",35198.5638842024,0,306.939540254418,0
"LIG4_CRISPRa_2_BRCA1_CasRx_5",66376.2107274677,26921.8372491827,0,0
"53BP1_CRISPRa_1_BRCA1_CasRx_5",0,0,25447.9042116547,92183.8622611119
"53BP1_CRISPRa_3_BRCA1_CasRx_5",0,46558.7560001004,0,42106.2486031675
"ATM_CRISPRa_1_BRCA2_CasRx_1",31942.9808114437,49240.1121073442,0,0
"ATM_CRISPRa_5_BRCA2_CasRx_1",4824.12921312417,0,73423.0010429798,0
"RAD50_CRISPRa_5_BRCA2_CasRx_1",0,0,8097.84358800116,41850.35937844
"XRCC1_CRISPRa_4_BRCA2_CasRx_1",30094.718703013,0,0,26150.585464205
"XRCC4_CRISPRa_4_BRCA2_CasRx_1",42225.4563458398,20841.3391439174,0,0
"LIG3_CRISPRa_4_BRCA2_CasRx_1",27399.5388023849,0,221.430395983956,0
"ATM_CRISPRa_5_BRCA2_CasRx_2",0,32790.6493459814,150905.77205498,0
"POLQ_CRISPRa_2_BRCA2_CasRx_2",56831.8745532436,61814.7476447636,0,0
"EXO1_CRISPRa_5_BRCA2_CasRx_2",39932.3681493055,35277.3516523363,0,0
"NBN_CRISPRa_2_BRCA2_CasRx_2",0,0,32169.9439560207,68500.7140505062
"XRCC1_CRISPRa_4_BRCA2_CasRx_2",30177.2737630322,20911.9011467396,0,0
"XLF_CRISPRa_2_BRCA2_CasRx_2",33421.2020037882,0,0,62898.8647409492
"XLF_CRISPRa_3_BRCA2_CasRx_2",34896.509488132,44847.0191385341,0,0
"LIG3_CRISPRa_2_BRCA2_CasRx_2",43123.8496460492,0,44.6689559621814,0
"NT_CRISPRa_3_BRCA2_CasRx_2",46217.2363067701,80503.9457026037,0,0
"BRCA1_CRISPRa_5_BRCA2_CasRx_3",0,44943.129452723,0,27244.3502370473
"POLD3_CRISPRa_1_BRCA2_CasRx_3",13574.9655751634,5377.31124955432,55392.0579048742,0
"NT_CRISPRa_2_BRCA2_CasRx_3",39081.5654131072,0,16791.060546184,0
"POLD3_CRISPRa_1_BRCA2_CasRx_4",477.848112111354,0,0,138774.176917807
"EXO1_CRISPRa_5_BRCA2_CasRx_4",20460.0575807678,31890.3755168705,0,0
"PALB2_CRISPRa_4_BRCA2_CasRx_4",16325.5059278044,49331.3560765109,3316.98904416312,0
"NBN_CRISPRa_2_BRCA2_CasRx_4",28957.401346748,41670.5124252793,0,0
"XRCC1_CRISPRa_4_BRCA2_CasRx_4",17880.4547641667,51319.2580180882,0,0
"LIG4_CRISPRa_2_BRCA2_CasRx_4",39987.7286013184,82894.5376947698,38.9258044813295,0
"LIG4_CRISPRa_4_BRCA2_CasRx_4",77681.3977701022,13376.3658798303,1035.68165038029,0
"53BP1_CRISPRa_5_BRCA2_CasRx_4",28676.7141426826,44093.9522463454,0,0
"NT_CRISPRa_5_BRCA2_CasRx_4",37231.3608326761,0,0,2339.03074732822
"RAD50_CRISPRa_3_BRCA2_CasRx_5",32093.5223914788,0,10470.4032775353,0
"LIG4_CRISPRa_4_BRCA2_CasRx_5",0,48706.0307411555,37145.4275222654,0
"BRCA1_CRISPRa_3_POLQ_CasRx_1",22397.6734012194,0,0,6259.58623376619
"EXO1_CRISPRa_5_POLQ_CasRx_1",35291.8025402241,0,53097.3498243027,0
"NBN_CRISPRa_4_POLQ_CasRx_1",0,52022.4448737992,0,107071.626686049
"KU70_CRISPRa_2_POLQ_CasRx_1",27972.5680425185,32308.8811887815,0,0
"KU70_CRISPRa_3_POLQ_CasRx_1",0,0,7226.16081879631,78277.1604955988
"DNA-PKcs_CRISPRa_5_POLQ_CasRx_1",0,35499.986937103,126420.802908281,0
"XRCC4_CRISPRa_2_POLQ_CasRx_1",16700.4030238917,0,31425.8867752792,0
"XLF_CRISPRa_1_POLQ_CasRx_1",967.351056225423,51595.4230980993,0,0
"53BP1_CRISPRa_1_POLQ_CasRx_1",17408.4340680567,24415.6695627388,0,0
"CtIP_CRISPRa_1_POLQ_CasRx_2",0,27854.9589071936,0,94582.9392164086
"RAD51_CRISPRa_5_POLQ_CasRx_2",0,12692.6444042082,60333.0825622337,0
"LIG3_CRISPRa_4_POLQ_CasRx_2",60839.1942901774,79617.0543223039,34280.8711892049,0
"NT_CRISPRa_1_POLQ_CasRx_2",12895.100375005,0,0,10514.5529091982
"CtIP_CRISPRa_1_POLQ_CasRx_3",44589.4447703907,0,27736.8691407454,0
"ATM_CRISPRa_3_POLQ_CasRx_3",14189.7579633067,0,0,17516.8645461444
"ATM_CRISPRa_5_POLQ_CasRx_3",21137.9803089258,2268.93336661059,29039.2882710141,0
"MRE11_CRISPRa_4_POLQ_CasRx_3",0,19147.8510761845,24357.3435582352,0
"RAD50_CRISPRa_2_POLQ_CasRx_3",0,27427.9371314937,140624.892776312,0
"NBN_CRISPRa_2_POLQ_CasRx_3",36262.0673044502,30761.3834717152,0,0
"NBN_CRISPRa_3_POLQ_CasRx_3",28017.2448985289,0,0,57478.0778431128
"XRCC4_CRISPRa_4_POLQ_CasRx_3",33838.8334838855,72040.1551227057,0,0
"XLF_CRISPRa_2_POLQ_CasRx_3",2150.31650450109,0,0,101383.865109707
"CtIP_CRISPRa_1_POLQ_CasRx_4",16265.2892957903,28542.3301415823,0,0
"ATM_CRISPRa_3_POLQ_CasRx_4",44637.0353344018,45125.6173910563,0,162.586655422498
"ATM_CRISPRa_4_POLQ_CasRx_4",0,50164.7176615663,0,110750.149764983
"BRCA2_CRISPRa_2_POLQ_CasRx_4",0,0,125712.480892309,6659.58635761813
"BRCA2_CRISPRa_5_POLQ_CasRx_4",105725.837276637,0,0,4982.91147357361
"RAD50_CRISPRa_3_POLQ_CasRx_4",25460.9517459332,474.468639666558,0,0
"NBN_CRISPRa_5_POLQ_CasRx_4",36286.3482044558,0,35.0970368274282,0
"KU70_CRISPRa_3_POLQ_CasRx_4",12269.6243908592,25363.3902558164,41776.9601276013,0
"DNA-PKcs_CRISPRa_1_POLQ_CasRx_4",44110.6254222792,8372.54661073141,0,63145.5160875277
"XLF_CRISPRa_4_POLQ_CasRx_4",33602.8231358305,28696.8365960379,0,0
"LIG4_CRISPRa_1_POLQ_CasRx_4",38491.0539249696,0,12292.25855285,17527.0262121083
"CtIP_CRISPRa_1_POLQ_CasRx_5",25236.5962298809,2086.4454282773,0,0
"CtIP_CRISPRa_2_POLQ_CasRx_5",49838.0041156138,20525.0267174731,0,0
"BRCA1_CRISPRa_2_POLQ_CasRx_5",41237.7093336097,0,0,38998.626393842
"POLD3_CRISPRa_1_POLQ_CasRx_5",32496.5853315727,50948.1992101439,0,0
"RAD50_CRISPRa_1_POLQ_CasRx_5",2836.9803566611,36639.9282585582,0,0
"RAD50_CRISPRa_3_POLQ_CasRx_5",2780.64866864798,0,0,16934.878222757
"LIG3_CRISPRa_1_POLQ_CasRx_5",37472.2273607322,0,0,91579.7050301669
"RAD51_CRISPRa_5_POLD3_CasRx_1",60297.2446020511,1554.79723459964,0,0
"RAD50_CRISPRa_1_POLD3_CasRx_1",28133.7932185561,16350.9192746629,0,0
"RAD50_CRISPRa_4_POLD3_CasRx_1",22286.9524971936,38368.6973277023,0,0
"PALB2_CRISPRa_1_POLD3_CasRx_1",52206.8487201658,41075.6017463128,27803.2344467463,0
"PALB2_CRISPRa_3_POLD3_CasRx_1",63924.8110628965,25264.8467691164,0,0
"PALB2_CRISPRa_4_POLD3_CasRx_1",14884.1917034685,1194.68770295528,0,0
"PALB2_CRISPRa_5_POLD3_CasRx_1",38378.3905489434,0,14302.3615711482,0
"NBN_CRISPRa_2_POLD3_CasRx_1",74680.2785294028,0,0,10493.3057894554
"LIG4_CRISPRa_2_POLD3_CasRx_1",33425.0869477891,27607.9918973159,0,0
"LIG3_CRISPRa_1_POLD3_CasRx_1",0,26573.8935800939,0,35769.0641929496
"POLQ_CRISPRa_2_POLD3_CasRx_2",43527.8838221434,73455.0449379164,0,0
"EXO1_CRISPRa_5_POLD3_CasRx_2",59637.7753578975,53129.5383663545,0,0
"RAD50_CRISPRa_1_POLD3_CasRx_2",36565.0929365208,63041.0665903633,64054.6447218258,0
"PALB2_CRISPRa_1_POLD3_CasRx_2",40896.8054975302,34999.9699860697,0,0
"PALB2_CRISPRa_4_POLD3_CasRx_2",0,0,15747.7213604959,74629.1224145565
"NBN_CRISPRa_4_POLD3_CasRx_2",1813.29761242255,0,42783.9260205773,0
"NBN_CRISPRa_5_POLD3_CasRx_2",85494.991391923,0,0,101487.329344975
"DNA-PKcs_CRISPRa_4_POLD3_CasRx_2",0,0,82318.5045588771,22078.5287761234
"XRCC4_CRISPRa_1_POLD3_CasRx_2",30675.5178311484,48269.2762754111,0,0
"XLF_CRISPRa_1_POLD3_CasRx_2",6447.06456950237,85327.7102058804,0,0
"XLF_CRISPRa_4_POLD3_CasRx_2",41562.1021576853,65194.4242626961,128561.084026812,0
"LIG4_CRISPRa_5_POLD3_CasRx_2",0,37334.5990104803,41894.3756689876,0
"53BP1_CRISPRa_5_POLD3_CasRx_2",0,50653.7853362995,0,1434.64247654057
"NT_CRISPRa_2_POLD3_CasRx_2",48239.3496592413,42312.8699682125,0,0
"NT_CRISPRa_3_POLD3_CasRx_2",0,35972.0224042584,22575.6903432865,0
"NT_CRISPRa_5_POLD3_CasRx_2",325.36406007582,0,105120.092193744,0
"CtIP_CRISPRa_5_POLD3_CasRx_3",0,0,12896.5657142241,122150.615188671
"BRCA1_CRISPRa_2_POLD3_CasRx_3",0,25746.6149263163,72815.5032418942,0
"POLQ_CRISPRa_4_POLD3_CasRx_3",0,68884.3303757953,93292.3907829004,0
"POLQ_CRISPRa_5_POLD3_CasRx_3",70486.4814804255,0,16320.7602526964,0
"XRCC1_CRISPRa_3_POLD3_CasRx_3",74735.6389814157,27019.1641496271,0,0
"DNA-PKcs_CRISPRa_5_POLD3_CasRx_3",7629.05878177781,0,55014.2861630226,0
"XLF_CRISPRa_1_POLD3_CasRx_3",74997.8727014768,40182.6274347352,0,0
"LIG4_CRISPRa_1_POLD3_CasRx_3",28112.4260265511,0,0,93261.9226411008
"CtIP_CRISPRa_3_POLD3_CasRx_4",27587.9585864289,31532.6991577372,0,0
"CtIP_CRISPRa_4_POLD3_CasRx_4",0,56700.2190264092,128.901844348009,0
"ATM_CRISPRa_5_POLD3_CasRx_4",0,57754.9993099756,0,65703.4845469873
"BRCA1_CRISPRa_5_POLD3_CasRx_4",17156.8839439981,22292.7265467949,0,0
"POLQ_CRISPRa_4_POLD3_CasRx_4",30777.4976111721,0,371.390462428422,0
"MRE11_CRISPRa_5_POLD3_CasRx_4",25933.9436780434,0,380.962381563175,0
"PALB2_CRISPRa_1_POLD3_CasRx_4",0,22481.2974164059,0,44298.3970879265
"XLF_CRISPRa_3_POLD3_CasRx_4",27654.0026344442,0,0,23675.7579080864
"LIG4_CRISPRa_4_POLD3_CasRx_4",0,48878.7859894443,11197.2310038342,0
"LIG3_CRISPRa_1_POLD3_CasRx_4",36102.7846004131,60144.3747158862,0,0
"BRCA1_CRISPRa_5_POLD3_CasRx_5",59411.4773698447,36338.2148671805,19740.4878955726,0
"BRCA2_CRISPRa_5_POLD3_CasRx_5",0,26475.3500933939,0,6216.16820646586
"POLQ_CRISPRa_1_POLD3_CasRx_5",0,50152.5517990107,8725.12335529865,68099.7901388394
"DNA-PKcs_CRISPRa_3_POLD3_CasRx_5",693.462504161598,155.723040711075,0,0
"XRCC4_CRISPRa_1_POLD3_CasRx_5",114.605848026707,62179.7235214302,0,0
"XRCC4_CRISPRa_4_POLD3_CasRx_5",0,5352.97952444321,17585.5298343685,0
"XLF_CRISPRa_1_POLD3_CasRx_5",35547.2376082836,85858.1418133025,0,0
"LIG3_CRISPRa_1_POLD3_CasRx_5",39061.1694571025,0,9499.17254932903,7114.0899625492
"BRCA1_CRISPRa_5_EXO1_CasRx_1",78818.7151263672,0,601.116521662498,0
"POLD3_CRISPRa_1_EXO1_CasRx_1",71866.6078367472,59055.5300171642,0,0
"POLD3_CRISPRa_3_EXO1_CasRx_1",22203.4262011741,0,147.407554675198,0
"RAD50_CRISPRa_5_EXO1_CasRx_1",23194.0869214049,36026.7687857584,0,23990.7695529675
"PALB2_CRISPRa_5_EXO1_CasRx_1",32258.6325115173,0,103064.682091541,0
"BRCA2_CRISPRa_5_EXO1_CasRx_2",72320.1750488529,33827.1808357144,0,0
"POLQ_CRISPRa_2_EXO1_CasRx_2",0,42171.7459625681,0,10705.7769868826
"POLQ_CRISPRa_4_EXO1_CasRx_2",27784.1482584746,75.4283478444271,0,0
"RAD50_CRISPRa_2_EXO1_CasRx_2",25596.9247859649,0,0,42213.4079896959
"PALB2_CRISPRa_2_EXO1_CasRx_2",30940.6652592101,0,0,19335.8027536836
"NBN_CRISPRa_5_EXO1_CasRx_2",42139.0163418197,0,0,77632.3566007983
"DNA-PKcs_CRISPRa_1_EXO1_CasRx_2",24585.8681097293,0,0,43927.9581741514
"XLF_CRISPRa_5_EXO1_CasRx_2",35572.4897442895,0,0,32869.2942419768
"LIG4_CRISPRa_4_EXO1_CasRx_2",517.668788120633,91067.5641595902,0,0
"LIG3_CRISPRa_5_EXO1_CasRx_2",412.77530009619,43956.4779994677,0,0
"BRCA2_CRISPRa_3_EXO1_CasRx_3",37289.6349926897,0,3230.20364400803,0
"BRCA2_CRISPRa_4_EXO1_CasRx_3",12979.5979070247,25797.7115490496,0,0
"POLD3_CRISPRa_4_EXO1_CasRx_3",0,18442.2310479624,821.27066176182,0
"PALB2_CRISPRa_1_EXO1_CasRx_3",122.375736028517,233.584561066613,0,0
"PALB2_CRISPRa_3_EXO1_CasRx_3",58562.6171056469,72100.9844354834,0,0
"XRCC1_CRISPRa_4_EXO1_CasRx_3",0,20320.6402265398,0,26600.4701300616
"DNA-PKcs_CRISPRa_3_EXO1_CasRx_3",34009.7710199253,20425.2666445175,49754.8356624469,0
"DNA-PKcs_CRISPRa_4_EXO1_CasRx_3",0,6424.79201558741,51515.4306552991,0
"DNA-PKcs_CRISPRa_5_EXO1_CasRx_3",24470.2910257023,36203.1737928139,145941.774791697,0
"XRCC4_CRISPRa_1_EXO1_CasRx_3",40904.575385532,325547.532710292,0,0
"LIG4_CRISPRa_3_EXO1_CasRx_3",40478.2027814327,0,0,2889.60828500895
"LIG4_CRISPRa_5_EXO1_CasRx_3",29975.2566749852,0,0,1487.2983819899
"NT_CRISPRa_4_EXO1_CasRx_3",651.699356151866,0,0,14834.1847316732
"CtIP_CRISPRa_3_EXO1_CasRx_4",21458.4881890005,0,1033.76726655334,0
"ATM_CRISPRa_4_EXO1_CasRx_4",0,32502.3184034148,0,80445.2904971705
"BRCA1_CRISPRa_5_EXO1_CasRx_4",2194.9933605115,27336.6931623271,0,0
"BRCA2_CRISPRa_4_EXO1_CasRx_4",0,47074.5885724559,33585.9498600219,0
"POLQ_CRISPRa_2_EXO1_CasRx_4",52640.0199762668,0,0,6065.59079263707
"POLQ_CRISPRa_3_EXO1_CasRx_4",28500.9204266416,0,0,54529.3471379502
"MRE11_CRISPRa_3_EXO1_CasRx_4",5847.81195736272,0,0,20895.1565852357
"PALB2_CRISPRa_1_EXO1_CasRx_4",27205.2916023397,55580.9596712983,0,0
"PALB2_CRISPRa_5_EXO1_CasRx_4",0,75299.3897013383,0,103988.946747726
"KU70_CRISPRa_4_EXO1_CasRx_4",18449.5990602993,0,0,115346.917931928
"DNA-PKcs_CRISPRa_1_EXO1_CasRx_4",0,0,20567.5017088152,15624.9471012281
"DNA-PKcs_CRISPRa_5_EXO1_CasRx_4",14225.693695315,0,6591.86164413334,0
"XLF_CRISPRa_2_EXO1_CasRx_4",34721.6870080912,0,54380.6251163019,0
"XLF_CRISPRa_4_EXO1_CasRx_4",0,1131.42521766641,0,9908.54810262339
"XLF_CRISPRa_5_EXO1_CasRx_4",0,9744.85590699776,0,10715.9386528465
"LIG4_CRISPRa_4_EXO1_CasRx_4",28078.4327665432,3845.62915381023,0,0
"53BP1_CRISPRa_1_EXO1_CasRx_4",79946.32012263,43808.0544762899,4905.92762053215,28379.6854615601
"LIG3_CRISPRa_1_EXO1_CasRx_4",1033.39510424081,2164.30694863284,0,0
"LIG3_CRISPRa_4_EXO1_CasRx_4",0,22016.5614667838,9157.13597224718,0
"NT_CRISPRa_3_EXO1_CasRx_4",75787.4875696609,43359.13414799,28508.3658230065,95632.3621741356
"MRE11_CRISPRa_3_EXO1_CasRx_5",408.890356095284,0,0,76653.1415170037
"RAD50_CRISPRa_5_EXO1_CasRx_5",22098.5327131496,17732.9612609737,17487.2581312517,0
"PALB2_CRISPRa_1_EXO1_CasRx_5",10174.668338371,16579.6374907073,0,0
"PALB2_CRISPRa_4_EXO1_CasRx_5",15715.5697196622,0,0,71241.5924973162
"XRCC1_CRISPRa_2_EXO1_CasRx_5",0,35957.4233691917,0,21757.050616538
"XRCC1_CRISPRa_3_EXO1_CasRx_5",23633.0855935072,166.672317011073,0,0
"KU70_CRISPRa_2_EXO1_CasRx_5",45111.9697385125,1227.53553185527,14249.3969519359,0
"DNA-PKcs_CRISPRa_5_EXO1_CasRx_5",0,55643.0055703317,84468.995724485,80.3695398963486
"53BP1_CRISPRa_2_EXO1_CasRx_5",32743.2792756302,400.256878077686,0,0
"53BP1_CRISPRa_4_EXO1_CasRx_5",29804.3191389453,0,0,129280.409544074
"CtIP_CRISPRa_1_MRE11_CasRx_1",0,60730.7692910638,117013.520782646,0
"ATM_CRISPRa_2_MRE11_CasRx_1",17258.8637240219,41380.9648964572,0,0
"RAD51_CRISPRa_2_MRE11_CasRx_1",0,19500.6610902955,80.4041207319265,0
"POLQ_CRISPRa_4_MRE11_CasRx_1",28020.1586065296,40962.4592245461,0,0
"EXO1_CRISPRa_2_MRE11_CasRx_1",15677.6915156534,36705.6239163582,0,0
"PALB2_CRISPRa_1_MRE11_CasRx_1",48819.1775513764,61756.3515044969,0,0
"PALB2_CRISPRa_5_MRE11_CasRx_1",0,23514.1791473724,115944.018351323,0
"KU70_CRISPRa_2_MRE11_CasRx_1",0,64.4790715444296,212.49660479152,0
"KU70_CRISPRa_3_MRE11_CasRx_1",22612.3165572694,17239.0272412183,0,0
"XLF_CRISPRa_1_MRE11_CasRx_1",19700.5510285908,17415.4322482738,0,0
"NT_CRISPRa_3_MRE11_CasRx_1",0,44550.1720921787,0,76663.3031829676
"CtIP_CRISPRa_1_MRE11_CasRx_2",22742.4621812997,51889.8369719436,0,0
"BRCA1_CRISPRa_1_MRE11_CasRx_2",0,49260.7940736887,0,42230.959958179
"RAD50_CRISPRa_4_MRE11_CasRx_2",8854.75861406344,8426.07640597584,0,0
"XRCC1_CRISPRa_4_MRE11_CasRx_2",0,49000.4446149999,0,30730.725450482
"53BP1_CRISPRa_2_MRE11_CasRx_2",63279.9103587462,26015.480488794,0,0
"NT_CRISPRa_2_MRE11_CasRx_2",0,0,51125.5344825435,63303.4838038757
"NT_CRISPRa_5_MRE11_CasRx_2",0,24126.1220339167,0,96421.2769680607
"POLQ_CRISPRa_5_MRE11_CasRx_3",24796.6263217784,0,12147.4035099441,0
"POLD3_CRISPRa_2_MRE11_CasRx_3",34340.9624960025,18545.6408796846,0,0
"RAD50_CRISPRa_5_MRE11_CasRx_3",69434.6328921804,0,0,38063.7531251626
"NBN_CRISPRa_4_MRE11_CasRx_3",0,15069.8539475632,0,86572.7750734059
"KU70_CRISPRa_2_MRE11_CasRx_3",35671.5558163126,0,0,26676.2207308834
"53BP1_CRISPRa_3_MRE11_CasRx_3",29621.7267709028,11036.8705103975,0,98606.0351503006
"LIG3_CRISPRa_2_MRE11_CasRx_3",0,1070.59590488864,0,57522.419658228
"NT_CRISPRa_2_MRE11_CasRx_3",15653.4106156477,0,1301.14287438411,0
"NT_CRISPRa_3_MRE11_CasRx_3",24824.792165785,0,81.0422486742433,0
"ATM_CRISPRa_3_MRE11_CasRx_4",59369.714221835,0,0,1709.93124538093
"POLQ_CRISPRa_1_MRE11_CasRx_4",42025.3817297932,0,0,125191.724675324
"POLQ_CRISPRa_2_MRE11_CasRx_4",26548.7360661867,33857.5954921033,0,4845.26708915343
"RAD50_CRISPRa_4_MRE11_CasRx_4",0,96494.7554456223,32102.9405220774,0
"XRCC1_CRISPRa_5_MRE11_CasRx_4",0,29014.3656087378,0,98518.275307885
"KU70_CRISPRa_3_MRE11_CasRx_4",0,27499.7157205715,12643.2289211243,0
"XLF_CRISPRa_2_MRE11_CasRx_4",26367.1149341444,39489.1732690687,0,0
"NT_CRISPRa_1_MRE11_CasRx_4",32392.6630795485,13035.7217282748,0,0
"RAD51_CRISPRa_1_MRE11_CasRx_5",22672.5331892834,0,69662.5130789065,0
"BRCA1_CRISPRa_1_MRE11_CasRx_5",29507.1209228761,0,50773.2878583846,0
"BRCA1_CRISPRa_4_MRE11_CasRx_5",0,38277.4533585356,0,27811.5559553962
"BRCA1_CRISPRa_5_MRE11_CasRx_5",33929.1584319066,0,0,3189.83932485163
"RAD50_CRISPRa_5_MRE11_CasRx_5",0,0,7168.09117604548,35565.8308736715
"KU70_CRISPRa_5_MRE11_CasRx_5",9824.05214228931,14146.4649795967,0,0
"XRCC4_CRISPRa_2_MRE11_CasRx_5",9545.30741022435,0,58412.3174558599,0
"LIG4_CRISPRa_2_MRE11_CasRx_5",0,35620.4289764029,11564.7926986088,0
"NT_CRISPRa_3_MRE11_CasRx_5",4693.01235309362,25210.1003876164,0,0
"BRCA1_CRISPRa_3_RAD50_CasRx_1",25957.2533420489,459.869604599894,0,0
"POLQ_CRISPRa_1_RAD50_CasRx_1",22143.2095691601,0,0,5955.6600426639
"PALB2_CRISPRa_1_RAD50_CasRx_1",27684.1109504513,44853.1020698119,0,0
"XRCC1_CRISPRa_2_RAD50_CasRx_1",0,40354.1660967685,91716.85289332,0
"KU70_CRISPRa_3_RAD50_CasRx_1",33729.0838158599,0,0,70.2078739324425
"53BP1_CRISPRa_3_RAD50_CasRx_1",45660.7180786404,0,40766.8035949137,0
"BRCA2_CRISPRa_3_RAD50_CasRx_2",36963.2996966136,0,0,120138.605327818
"POLQ_CRISPRa_2_RAD50_CasRx_2",53616.1121564942,124556.53401626,0,0
"POLQ_CRISPRa_4_RAD50_CasRx_2",54771.8829967636,5540.33380779873,0,0
"MRE11_CRISPRa_4_RAD50_CasRx_2",25394.9076979178,8893.24552810907,0,0
"NBN_CRISPRa_2_RAD50_CasRx_2",28059.9792825389,31821.0301003038,0,0
"NBN_CRISPRa_4_RAD50_CasRx_2",28905.925838736,6426.00860184297,0,0
"53BP1_CRISPRa_2_RAD50_CasRx_2",54.3892160126744,21484.9132731062,0,0
"LIG3_CRISPRa_2_RAD50_CasRx_2",28207.6071545733,71995.1414312501,0,0
"ATM_CRISPRa_5_RAD50_CasRx_3",0,23379.1380730057,0,19716.4033334226
"BRCA1_CRISPRa_2_RAD50_CasRx_3",22765.7718453051,0,0,15701.6214898648
"POLQ_CRISPRa_3_RAD50_CasRx_3",14936.6384474807,0,0,1255.42764044986
"NBN_CRISPRa_2_RAD50_CasRx_3",35114.0663521827,25094.5246933387,0,0
"XLF_CRISPRa_3_RAD50_CasRx_3",12137.5362948284,44763.0746869008,0,0
"LIG4_CRISPRa_1_RAD50_CasRx_3",16931.5571919456,23231.9311360836,0,0
"53BP1_CRISPRa_3_RAD50_CasRx_3",42781.0033379693,0,0,55394.936320512
"CtIP_CRISPRa_2_RAD50_CasRx_4",0,37694.7085421247,21458.3283162896,0
"RAD51_CRISPRa_3_RAD50_CasRx_4",31652.581247376,0,0,64788.9346102358
"BRCA1_CRISPRa_1_RAD50_CasRx_4",28473.7258186353,0,0,4092.38002000948
"BRCA1_CRISPRa_3_RAD50_CasRx_4",38807.6768610434,0,137660.150356308,0
"POLQ_CRISPRa_1_RAD50_CasRx_4",20226.9609407135,24758.7468868054,0,0
"POLD3_CRISPRa_4_RAD50_CasRx_4",19557.7793365576,0,0,54239.2777640714
"MRE11_CRISPRa_4_RAD50_CasRx_4",15528.1211716185,44879.8669674341,0,0
"XLF_CRISPRa_1_RAD50_CasRx_4",0,116580.59452484,11090.025509525,0
"53BP1_CRISPRa_3_RAD50_CasRx_4",33951.4968599118,0,46864.7542116937,0
"CtIP_CRISPRa_1_RAD50_CasRx_5",31507.8670833423,147.206936922188,0,0
"POLQ_CRISPRa_1_RAD50_CasRx_5",28627.181106671,72.9951753333166,0,0
"POLQ_CRISPRa_2_RAD50_CasRx_5",34626.505880069,24218.5825893389,0,35746.893285392
"POLD3_CRISPRa_2_RAD50_CasRx_5",0,18493.3276706958,132008.251171208,0
"POLD3_CRISPRa_4_RAD50_CasRx_5",0,33405.0254050368,0,39043.8919967721
"PALB2_CRISPRa_2_RAD50_CasRx_5",38781.4534890373,55100.408100354,0,1691.45548908292
"NBN_CRISPRa_3_RAD50_CasRx_5",11617.9250347073,45547.772821734,0,16100.6978259018
"NBN_CRISPRa_5_RAD50_CasRx_5",62904.0420266586,36256.7035880583,0,0
"XLF_CRISPRa_5_RAD50_CasRx_5",28430.0201986251,50567.407712155,51191.8997885445,86737.2093044582
"53BP1_CRISPRa_2_RAD50_CasRx_5",7304.66595770221,65.6956577999849,0,0
"53BP1_CRISPRa_3_RAD50_CasRx_5",26736.1846142304,0,0,16545.039764869
"ATM_CRISPRa_2_PALB2_CasRx_1",17057.817871975,63088.51345433,717.255807164169,0
"ATM_CRISPRa_3_PALB2_CasRx_1",24074.9979736102,58649.1902078087,0,0
"ATM_CRISPRa_4_PALB2_CasRx_1",29775.1820589385,0,60133.9866442309,0
"BRCA2_CRISPRa_2_PALB2_CasRx_1",35066.4757881716,0,0,12630.0270053204
"BRCA2_CRISPRa_3_PALB2_CasRx_1",20628.081408807,110073.074643875,256136.260382744,0
"EXO1_CRISPRa_1_PALB2_CasRx_1",48942.5245234051,38373.5636727245,102521.635212629,0
"MRE11_CRISPRa_4_PALB2_CasRx_1",75629.176101624,40181.4108484797,43487.7811409528,0
"KU70_CRISPRa_3_PALB2_CasRx_1",5921.62589337992,41867.5993986793,0,0
"XRCC4_CRISPRa_4_PALB2_CasRx_1",55006.9221088183,15369.1341664298,0,0
"XLF_CRISPRa_1_PALB2_CasRx_1",0,67964.5911665955,0,116289.181503127
"LIG4_CRISPRa_1_PALB2_CasRx_1",0,6054.94979389861,172380.053569827,0
"LIG3_CRISPRa_1_PALB2_CasRx_1",0,31604.477746815,0,9227.71648304168
"BRCA1_CRISPRa_3_PALB2_CasRx_2",38087.9909848757,45848.2696268561,0,0
"BRCA1_CRISPRa_4_PALB2_CasRx_2",0,81851.923273759,10221.5333800317,0
"BRCA2_CRISPRa_3_PALB2_CasRx_2",38672.6750570119,43491.7420498456,0,15148.2725887394
"BRCA2_CRISPRa_4_PALB2_CasRx_2",0,63564.1986802521,63670.491700551,0
"BRCA2_CRISPRa_5_PALB2_CasRx_2",17620.163516106,17023.691473985,0,0
"POLQ_CRISPRa_2_PALB2_CasRx_2",20496.9645487764,0,0,1277.59854800747
"POLD3_CRISPRa_1_PALB2_CasRx_2",30081.1213990098,42503.8740103347,0,0
"POLD3_CRISPRa_2_PALB2_CasRx_2",25299.7265698956,0,61062.4628003019,14984.762145502
"POLD3_CRISPRa_5_PALB2_CasRx_2",75091.1113574986,0,64228.215522136,0
"MRE11_CRISPRa_3_PALB2_CasRx_2",54756.3432207599,0,106933.013677866,0
"RAD50_CRISPRa_1_PALB2_CasRx_2",43769.7215861997,71256.6735741281,0,0
"NBN_CRISPRa_1_PALB2_CasRx_2",86293.347384109,35222.6052708363,0,0
"KU70_CRISPRa_5_PALB2_CasRx_2",53080.9611203695,19293.8414268511,0,0
"XRCC4_CRISPRa_2_PALB2_CasRx_2",0,0,131135.93027406,71981.5465370515
"XLF_CRISPRa_4_PALB2_CasRx_2",852.745208198716,26452.2349545384,0,0
"XLF_CRISPRa_5_PALB2_CasRx_2",0,42360.3168321792,86435.0679147633,0
"LIG4_CRISPRa_1_PALB2_CasRx_2",27275.220594356,52574.7750338212,0,0
"53BP1_CRISPRa_4_PALB2_CasRx_2",0,40357.8158555352,0,77436.5135840393
"NT_CRISPRa_5_PALB2_CasRx_2",0,0,91743.016138955,191.224077684416
"BRCA1_CRISPRa_4_PALB2_CasRx_3",38075.3649168727,16833.9040181184,0,297.45967639798
"MRE11_CRISPRa_3_PALB2_CasRx_3",9102.42379412115,35007.2695036031,0,0
"RAD50_CRISPRa_1_PALB2_CasRx_3",42763.5210899652,88661.1565461018,0,45599.0903313065
"DNA-PKcs_CRISPRa_1_PALB2_CasRx_3",11919.9794307777,0,214.410988618471,0
"XLF_CRISPRa_2_PALB2_CasRx_3",2823.38305265794,42915.0801647124,0,41000.4745887315
"XLF_CRISPRa_5_PALB2_CasRx_3",56658.9945452033,40846.8835302684,0,0
"LIG3_CRISPRa_5_PALB2_CasRx_3",25659.0838899794,27768.5812830492,0,0
"NT_CRISPRa_5_PALB2_CasRx_3",30990.1982952217,35332.0980338363,0,162.586655422498
"RAD51_CRISPRa_4_PALB2_CasRx_4",37007.0053166238,0,91965.0846628813,0
"BRCA1_CRISPRa_1_PALB2_CasRx_4",35950.3005483775,0,0,395.381184777439
"BRCA2_CRISPRa_1_PALB2_CasRx_4",52978.9813403458,0,0,5797.69232631591
"POLQ_CRISPRa_2_PALB2_CasRx_4",0,48483.3954563889,70739.034917595,0
"POLQ_CRISPRa_3_PALB2_CasRx_4",26100.9962700823,54191.6181674542,0,0
"MRE11_CRISPRa_1_PALB2_CasRx_4",35158.7432081931,55692.8856068094,0,0
"MRE11_CRISPRa_3_PALB2_CasRx_4",0,22381.5373434504,89912.2270724479,0
"MRE11_CRISPRa_5_PALB2_CasRx_4",36498.0776525052,367.409049177693,0,0
"NBN_CRISPRa_4_PALB2_CasRx_4",0,37366.2302531247,0,14152.4293242766
"XRCC1_CRISPRa_5_PALB2_CasRx_4",44389.3701543441,0,1924.5938740277,0
"DNA-PKcs_CRISPRa_5_PALB2_CasRx_4",33774.7319078706,57599.2762692645,0,0
"XLF_CRISPRa_2_PALB2_CasRx_4",0,0,35428.2252294907,612.47132127907
"XLF_CRISPRa_3_PALB2_CasRx_4",8948.96850608539,0,35915.7549774208,0
"NT_CRISPRa_3_PALB2_CasRx_4",0,4060.96492104351,56288.6276638294,8351.96563451595
"NT_CRISPRa_4_PALB2_CasRx_4",63875.2780268849,28907.3060182489,6304.70407009074,0
"CtIP_CRISPRa_1_PALB2_CasRx_5",42591.6123179252,47490.6610718558,0,0
"BRCA2_CRISPRa_2_PALB2_CasRx_5",484.646764112938,0,0,15809.7046642082
"RAD50_CRISPRa_3_PALB2_CasRx_5",0,50039.4092772441,8233.76483971466,0
"DNA-PKcs_CRISPRa_5_PALB2_CasRx_5",0,104906.232816531,4075.08503963557,0
"LIG3_CRISPRa_1_PALB2_CasRx_5",17765.84891614,35266.4023760363,0,0
"LIG3_CRISPRa_2_PALB2_CasRx_5",38356.0521209382,0,44.6689559621814,0
"NT_CRISPRa_4_PALB2_CasRx_5",0,0,105526.579693,7123.32784069821
"CtIP_CRISPRa_1_NBN_CasRx_1",0,25481.3991226053,0,1585.21989036936
"CtIP_CRISPRa_2_NBN_CasRx_1",41029.8648295612,35796.8339834584,0,0
"BRCA1_CRISPRa_1_NBN_CasRx_1",21907.1992211051,0,0,18304.8555522546
"BRCA1_CRISPRa_3_NBN_CasRx_1",5610.8303733075,46351.936336656,0,0
"BRCA1_CRISPRa_5_NBN_CasRx_1",64526.9773830368,0,0,80542.288217735
"POLD3_CRISPRa_2_NBN_CasRx_1",7827.19092582398,0,0,18276.2181299927
"MRE11_CRISPRa_1_NBN_CasRx_1",36521.3873165106,38456.2915381023,194965.953960191,0
"PALB2_CRISPRa_1_NBN_CasRx_1",14023.676607268,0,3199.57350277682,0
"PALB2_CRISPRa_5_NBN_CasRx_1",0,27935.2536000602,0,7811.54976279913
"DNA-PKcs_CRISPRa_3_NBN_CasRx_1",39201.9986771353,0,67658.7913400315,0
"LIG4_CRISPRa_5_NBN_CasRx_1",0,28963.2689860045,0,502.540571305904
"CtIP_CRISPRa_2_NBN_CasRx_2",0,30699.3375726818,0,100812.964240098
"ATM_CRISPRa_2_NBN_CasRx_2",122.375736028517,3080.39639906596,0,0
"RAD51_CRISPRa_3_NBN_CasRx_2",25304.5827498968,20136.9357019509,0,0
"DNA-PKcs_CRISPRa_3_NBN_CasRx_2",0,46879.934771567,0,40027.7260196412
"XLF_CRISPRa_1_NBN_CasRx_2",0,20714.8141733397,74391.0411314745,0
"XLF_CRISPRa_4_NBN_CasRx_2",18232.0421962486,38605.9316475356,0,0
"LIG4_CRISPRa_3_NBN_CasRx_2",0,0,382.876765390126,4757.50724673788
"LIG4_CRISPRa_5_NBN_CasRx_2",30353.0674790732,0,79007.8967941371,0
"53BP1_CRISPRa_3_NBN_CasRx_2",14492.7835953773,54286.5118953875,0,0
"LIG3_CRISPRa_2_NBN_CasRx_2",29908.2413909696,0,7934.48283476804,0
"LIG3_CRISPRa_3_NBN_CasRx_2",0,62738.13661273,0,280.83149572977
"RAD51_CRISPRa_2_NBN_CasRx_3",21689.6423570544,43778.8564061566,0,0
"BRCA1_CRISPRa_5_NBN_CasRx_3",90133.6145290039,14674.4634145077,0,53490.0858461871
"RAD50_CRISPRa_1_NBN_CasRx_3",0,46175.5313296005,130051.112772122,0
"XRCC4_CRISPRa_2_NBN_CasRx_3",0,12258.323110975,24772.1267207412,0
"XLF_CRISPRa_1_NBN_CasRx_3",3884.94400090531,0,0,171048.551806987
"LIG4_CRISPRa_4_NBN_CasRx_3",24353.7427056752,0,0,26530.2622561291
"53BP1_CRISPRa_4_NBN_CasRx_3",45188.6973825304,0,67108.086925812,0
"NT_CRISPRa_3_NBN_CasRx_3",45258.6263745467,35942.8243341251,1294.12346701863,3317.32204330791
"NT_CRISPRa_5_NBN_CasRx_3",12155.0185428325,20998.2787708841,0,0
"CtIP_CRISPRa_1_NBN_CasRx_4",0,0,130589.692755437,48678.998906185
"BRCA1_CRISPRa_5_NBN_CasRx_4",27974.5105145189,0,0,31123.3352718147
"XRCC1_CRISPRa_1_NBN_CasRx_4",20406.6396007554,25659.0207159163,0,0
"XRCC1_CRISPRa_3_NBN_CasRx_4",33688.2919038504,0,21439.8226059624,0
"XRCC4_CRISPRa_1_NBN_CasRx_4",0,0,42990.0413459457,42727.9578025955
"XRCC4_CRISPRa_2_NBN_CasRx_4",16712.0578558944,31884.2925855927,0,0
"XLF_CRISPRa_1_NBN_CasRx_4",23574.8114334937,91703.8387712456,0,276.212556655267
"LIG4_CRISPRa_1_NBN_CasRx_4",29234.2036068125,0,0,47093.7790158156
"53BP1_CRISPRa_2_NBN_CasRx_4",31882.7641794297,39035.3865957466,0,0
"CtIP_CRISPRa_2_NBN_CasRx_5",19797.6746286135,31463.3537411705,0,0
"ATM_CRISPRa_3_NBN_CasRx_5",3839.29590889468,0,40.8401883082801,0
"RAD51_CRISPRa_1_NBN_CasRx_5",22158.7493451637,6438.17446439852,0,0
"BRCA1_CRISPRa_1_NBN_CasRx_5",0,39598.6660320687,0,678.984043951911
"POLQ_CRISPRa_2_NBN_CasRx_5",0,35042.5505050142,0,65120.5744357851
"POLD3_CRISPRa_4_NBN_CasRx_5",16346.8731198093,2148.49132731062,0,0
"MRE11_CRISPRa_2_NBN_CasRx_5",15890.392199703,0,0,97750.6076337026
"RAD50_CRISPRa_1_NBN_CasRx_5",26069.9167180751,33170.2242577146,0,0
"RAD50_CRISPRa_5_NBN_CasRx_5",90004.4401409738,47272.8921321114,0,0
"XRCC1_CRISPRa_1_NBN_CasRx_5",36096.9571844117,61554.3981860747,0,26854.5117791592
"XRCC1_CRISPRa_4_NBN_CasRx_5",27789.9756744759,0,0,7866.05324387826
"53BP1_CRISPRa_1_NBN_CasRx_5",21481.7978530059,0,49104.583289226,38157.0556944676
"53BP1_CRISPRa_3_NBN_CasRx_5",49310.6229674909,45845.836454345,22568.0328079787,0
"LIG3_CRISPRa_4_NBN_CasRx_5",0,0,60003.8085439982,8938.57089697781
"ATM_CRISPRa_5_XRCC1_CasRx_1",36703.0084485529,17312.0224165516,0,0
"POLD3_CRISPRa_1_XRCC1_CasRx_1",34715.8595920899,62266.1011455746,0,0
"POLD3_CRISPRa_2_XRCC1_CasRx_1",0,25857.3242755718,57945.8459300263,0
"RAD50_CRISPRa_3_XRCC1_CasRx_1",35562.7773842872,57368.124880709,0,0
"RAD50_CRISPRa_4_XRCC1_CasRx_1",0,0,58.7077706931527,74.8268130069453
"LIG4_CRISPRa_1_XRCC1_CasRx_1",0,27931.6038412936,112757.845535334,0
"LIG4_CRISPRa_3_XRCC1_CasRx_1",154.426524035986,691.020993155397,0,0
"LIG3_CRISPRa_2_XRCC1_CasRx_1",0,285.89777005549,0,100988.483924929
"BRCA2_CRISPRa_3_XRCC1_CasRx_2",15424.1989195943,0,72292.2383291943,0
"POLQ_CRISPRa_3_XRCC1_CasRx_2",0,0,28423.4948066783,43941.8149913749
"EXO1_CRISPRa_3_XRCC1_CasRx_2",11226.5169266161,0,0,25103.0100821078
"XRCC4_CRISPRa_2_XRCC1_CasRx_2",16407.0897518234,0,0,86677.1630964896
"CtIP_CRISPRa_1_XRCC1_CasRx_3",0,20292.658742662,0,63531.6593941561
"CtIP_CRISPRa_4_XRCC1_CasRx_3",41264.903941616,27247.8823656715,0,81697.0229863607
"RAD51_CRISPRa_2_XRCC1_CasRx_3",0,26539.8291649383,3920.65807759489,0
"BRCA1_CRISPRa_5_XRCC1_CasRx_3",14926.9260874784,21703.8987991061,0,0
"PALB2_CRISPRa_5_XRCC1_CasRx_3",26507.9441541772,0,0,102118.276422552
"DNA-PKcs_CRISPRa_1_XRCC1_CasRx_3",55848.0124850143,99476.6083579883,0,0
"DNA-PKcs_CRISPRa_3_XRCC1_CasRx_3",32666.5516316123,0,227.173547464808,0
"XRCC4_CRISPRa_3_XRCC1_CasRx_3",67703.8903397771,39166.7779113466,0,0
"XLF_CRISPRa_2_XRCC1_CasRx_3",13225.3206150819,36526.7857367916,0,0
"XLF_CRISPRa_3_XRCC1_CasRx_3",0,60573.8296640972,3562.66830195512,0
"LIG3_CRISPRa_1_XRCC1_CasRx_3",0,0,27688.3714171293,30230.0324548059
"BRCA2_CRISPRa_2_XRCC1_CasRx_4",30746.4180591649,0,0,58.1986323387352
"NBN_CRISPRa_2_XRCC1_CasRx_4",13176.7588150706,0,0,94747.3734474609
"DNA-PKcs_CRISPRa_3_XRCC1_CasRx_4",19284.862020494,44848.2357247897,0,0
"53BP1_CRISPRa_2_XRCC1_CasRx_4",0,0,10060.7251385679,75103.0255636005
"LIG3_CRISPRa_4_XRCC1_CasRx_4",45475.2120025971,0,0,8660.51076469274
"ATM_CRISPRa_4_XRCC1_CasRx_5",24052.659545605,0,45355.5816281143,0
"RAD51_CRISPRa_2_XRCC1_CasRx_5",20382.3587007497,44303.2050823009,1231.58692867157,0
"BRCA1_CRISPRa_2_XRCC1_CasRx_5",41044.4333695646,0,56631.9404967958,0
"POLQ_CRISPRa_3_XRCC1_CasRx_5",73842.1018612075,0,36.373292712062,0
"MRE11_CRISPRa_1_XRCC1_CasRx_5",25695.0196219877,54601.6077355763,0,0
"MRE11_CRISPRa_3_XRCC1_CasRx_5",15702.9436516593,0,215567.914577891,0
"MRE11_CRISPRa_4_XRCC1_CasRx_5",0,18206.2133143847,0,99007.8828497823
"RAD50_CRISPRa_1_XRCC1_CasRx_5",0,39970.9414262686,49061.1905891484,0
"NBN_CRISPRa_1_XRCC1_CasRx_5",16446.9104278326,33838.1301120144,0,0
"NBN_CRISPRa_4_XRCC1_CasRx_5",25812.5391780151,0,0,13155.6622719989
"XRCC4_CRISPRa_2_XRCC1_CasRx_5",40147.9825413557,25954.6511760163,0,0
"53BP1_CRISPRa_2_XRCC1_CasRx_5",0,0,45602.537141791,19857.7428691024
"LIG3_CRISPRa_2_XRCC1_CasRx_5",0,26690.6858606272,0,5672.98097130433
"PALB2_CRISPRa_4_KU70_CasRx_1",25450.2681499307,0,0,40592.1603745455
"NBN_CRISPRa_1_KU70_CasRx_1",0,29263.7657911266,0,134144.152389525
"XRCC4_CRISPRa_1_KU70_CasRx_1",35834.7234643506,16853.3693982072,0,0
"XLF_CRISPRa_1_KU70_CasRx_1",15011.4236194981,40949.076775735,0,0
"MRE11_CRISPRa_4_KU70_CasRx_2",24534.3926017173,66212.7069585959,0,0
"ATM_CRISPRa_4_KU70_CasRx_3",47997.5118951849,2665.54048592161,0,0
"RAD51_CRISPRa_1_KU70_CasRx_3",43998.9332822531,153.289868199965,0,80699.3321462681
"BRCA1_CRISPRa_2_KU70_CasRx_3",55080.7360448355,0,26905.3884319065,0
"BRCA2_CRISPRa_4_KU70_CasRx_3",0,41301.8867898461,0,5848.50065613544
"BRCA2_CRISPRa_5_KU70_CasRx_3",0,22040.8931918949,69966.2619794493,0
"POLQ_CRISPRa_2_KU70_CasRx_3",43201.5485260673,20565.1740639064,0,0
"EXO1_CRISPRa_5_KU70_CasRx_3",42044.8064497978,0,0,74622.6558998522
"MRE11_CRISPRa_3_KU70_CasRx_3",0,7748.43786163155,0,37967.679192413
"RAD50_CRISPRa_5_KU70_CasRx_3",909.076896211843,0,0,48469.2990722025
"DNA-PKcs_CRISPRa_1_KU70_CasRx_3",44455.4142023595,30640.9414324152,0,0
"DNA-PKcs_CRISPRa_5_KU70_CasRx_3",0,62233.2533166746,0,64413.8767573862
"NT_CRISPRa_3_KU70_CasRx_3",10336.8647504088,0,59393.7582311433,5166.74524873883
"CtIP_CRISPRa_5_KU70_CasRx_4",15909.8169197075,23605.423116539,0,0
"POLQ_CRISPRa_1_KU70_CasRx_4",27076.1172143096,0,62617.5805957282,0
"PALB2_CRISPRa_5_KU70_CasRx_4",35747.3122243302,198.30355965551,0,49893.7798827792
"DNA-PKcs_CRISPRa_2_KU70_CasRx_4",0,42677.8458448791,0,18910.8603588293
"XLF_CRISPRa_2_KU70_CasRx_4",15388.2631875859,26780.7132435383,0,0
"LIG4_CRISPRa_5_KU70_CasRx_4",37955.9028888449,43911.4643080121,60700.0061290659,0
"NT_CRISPRa_3_KU70_CasRx_4",1411.20590832886,178.838179566626,703.855120375515,0
"BRCA1_CRISPRa_3_KU70_CasRx_5",0,35542.5674560474,46606.9505229977,0
"POLD3_CRISPRa_4_KU70_CasRx_5",53109.1269643761,27749.1159029603,0,0
"EXO1_CRISPRa_5_KU70_CasRx_5",67179.4228996549,95703.9743795113,24318.4177537539,0
"MRE11_CRISPRa_4_KU70_CasRx_5",16321.6209838034,35126.4949566475,0,0
"PALB2_CRISPRa_2_KU70_CasRx_5",37704.3527647863,0,10130.2810842804,0
"PALB2_CRISPRa_5_KU70_CasRx_5",3847.06579689649,68947.5928610842,0,60.0462079685363
"NBN_CRISPRa_2_KU70_CasRx_5",60083.5726820013,30446.2876315263,0,0
"NBN_CRISPRa_4_KU70_CasRx_5",39019.4063090927,0,0,39801.3980049906
"NBN_CRISPRa_5_KU70_CasRx_5",21481.7978530059,104491.376903387,0,79472.5419280802
"53BP1_CRISPRa_1_KU70_CasRx_5",43701.7350661839,21009.2280471841,0,0
"53BP1_CRISPRa_2_KU70_CasRx_5",40972.5619055479,0,0,26472.9874116053
"ATM_CRISPRa_2_DNA-PKcs_CasRx_1",41582.49811369,32547.3320948703,0,0
"ATM_CRISPRa_3_DNA-PKcs_CasRx_1",0,0,813.613126454018,2537.64512753183
"RAD51_CRISPRa_2_DNA-PKcs_CasRx_1",16296.3688477976,0,46948.3489721372,0
"POLQ_CRISPRa_2_DNA-PKcs_CasRx_1",0,41076.8183325683,0,33337.6546641314
"MRE11_CRISPRa_2_DNA-PKcs_CasRx_1",0,3618.12752402139,21076.7278067841,0
"PALB2_CRISPRa_1_DNA-PKcs_CasRx_1",30587.1353551278,11522.288426364,0,0
"PALB2_CRISPRa_2_DNA-PKcs_CasRx_1",40573.3839094549,0,10814.9923663864,0
"NBN_CRISPRa_3_DNA-PKcs_CasRx_1",9443.32763020059,0,23636.2589834171,0
"XRCC4_CRISPRa_2_DNA-PKcs_CasRx_1",18942.9869484143,60463.1203148417,0,0
"CtIP_CRISPRa_3_DNA-PKcs_CasRx_2",30675.5178311484,31037.5485517262,0,0
"BRCA1_CRISPRa_3_DNA-PKcs_CasRx_2",31280.5978592894,31016.8665853818,0,0
"POLD3_CRISPRa_2_DNA-PKcs_CasRx_2",46145.3648427533,0,0,22888.6906897911
"MRE11_CRISPRa_4_DNA-PKcs_CasRx_2",31233.9785312785,0,51860.6578720926,0
"NBN_CRISPRa_3_DNA-PKcs_CasRx_2",46329.8996827963,49294.8584888442,0,0
"XRCC1_CRISPRa_5_DNA-PKcs_CasRx_2",23606.8622215011,43620.7001929344,0,0
"LIG4_CRISPRa_3_DNA-PKcs_CasRx_2",24867.5265497949,0,176645.938864215,0
"53BP1_CRISPRa_3_DNA-PKcs_CasRx_2",31081.494479243,0,0,68558.912682845
"LIG3_CRISPRa_1_DNA-PKcs_CasRx_2",39720.6387012561,0,0,6400.00198163107
"LIG3_CRISPRa_3_DNA-PKcs_CasRx_2",79.6413520185589,0,60149.9398427888,0
"ATM_CRISPRa_5_DNA-PKcs_CasRx_3",0,0,79068.5189486572,20910.860978089
"RAD51_CRISPRa_4_DNA-PKcs_CasRx_3",38955.3047330778,133.82448811108,0,0
"EXO1_CRISPRa_2_DNA-PKcs_CasRx_3",42910.1777259994,49585.6226039219,0,0
"MRE11_CRISPRa_3_DNA-PKcs_CasRx_3",22284.0387891929,0,0,38705.7856565185
"RAD50_CRISPRa_4_DNA-PKcs_CasRx_3",76840.3073939062,41412.5961391016,0,0
"PALB2_CRISPRa_5_DNA-PKcs_CasRx_3",0,0,106883.877826308,11250.8117976739
"XRCC4_CRISPRa_4_DNA-PKcs_CasRx_3",34220.5292319744,17220.7784473849,60455.6031271586,0
"XLF_CRISPRa_1_DNA-PKcs_CasRx_3",41826.2783497468,20095.571769262,0,0
"LIG3_CRISPRa_1_DNA-PKcs_CasRx_3",49462.1357835262,0,7526.08095168524,0
"NT_CRISPRa_2_DNA-PKcs_CasRx_3",0,44512.4579182564,64598.3297286797,0
"NT_CRISPRa_3_DNA-PKcs_CasRx_3",36017.3158323932,48821.6064354332,0,0
"CtIP_CRISPRa_3_DNA-PKcs_CasRx_4",38824.1878730472,25166.3032824164,7436.74303976088,0
"CtIP_CRISPRa_5_DNA-PKcs_CasRx_4",3201.19385674598,0,0,14412.9374880785
"POLQ_CRISPRa_5_DNA-PKcs_CasRx_4",926.559144215917,53668.4860775654,0,0
"MRE11_CRISPRa_5_DNA-PKcs_CasRx_4",0,38312.7343599467,286.519446100278,0
"RAD50_CRISPRa_4_DNA-PKcs_CasRx_4",30530.8036671146,42239.8747928792,0,0
"PALB2_CRISPRa_1_DNA-PKcs_CasRx_4",30273.4261270547,0,0,66325.1937464154
"PALB2_CRISPRa_2_DNA-PKcs_CasRx_4",13434.1363551306,98909.6791628995,0,0
"PALB2_CRISPRa_3_DNA-PKcs_CasRx_4",44455.4142023595,0,0,28706.7063480349
"NBN_CRISPRa_2_DNA-PKcs_CasRx_4",0,93265.9355233786,0,111359.849722818
"XRCC1_CRISPRa_3_DNA-PKcs_CasRx_4",42867.4433419894,52939.7509104878,0,0
"XRCC1_CRISPRa_4_DNA-PKcs_CasRx_4",21027.2594049,0,6399.14700555364,0
"XLF_CRISPRa_1_DNA-PKcs_CasRx_4",0,54830.3259516207,40388.3937251198,0
"LIG3_CRISPRa_1_DNA-PKcs_CasRx_4",46700.9118348828,61151.708135486,0,0
"CtIP_CRISPRa_3_DNA-PKcs_CasRx_5",0,0,33249.0183064785,12550.581253239
"ATM_CRISPRa_5_DNA-PKcs_CasRx_5",0,25848.8081717829,0,5299.77069408451
"BRCA1_CRISPRa_4_DNA-PKcs_CasRx_5",32989.0019836875,33688.4900025812,0,0
"BRCA2_CRISPRa_2_DNA-PKcs_CasRx_5",0,38671.6273053356,10408.5048671306,0
"BRCA2_CRISPRa_3_DNA-PKcs_CasRx_5",25566.8164699579,22640.6702158837,0,0
"POLQ_CRISPRa_3_DNA-PKcs_CasRx_5",0,167.888903266628,0,147758.013417715
"POLQ_CRISPRa_5_DNA-PKcs_CasRx_5",79079.0063744279,0,0,3435.56688361518
"MRE11_CRISPRa_2_DNA-PKcs_CasRx_5",0,48387.2851422,0,51575.9974937131
"MRE11_CRISPRa_3_DNA-PKcs_CasRx_5",32976.3759156845,51994.4633899214,0,0
"MRE11_CRISPRa_4_DNA-PKcs_CasRx_5",0,70911.1630775504,0,6287.2998682132
"RAD50_CRISPRa_1_DNA-PKcs_CasRx_5",38583.3213449911,100824.585929144,0,0
"PALB2_CRISPRa_2_DNA-PKcs_CasRx_5",26177.7239141002,14296.10508903,62636.0863060553,0
"PALB2_CRISPRa_4_DNA-PKcs_CasRx_5",0,36767.6698153915,0,30981.07194832
"NBN_CRISPRa_4_DNA-PKcs_CasRx_5",1695.77805639517,0,0,10965.3613628696
"XRCC1_CRISPRa_4_DNA-PKcs_CasRx_5",0,87770.6154070354,0,138707.664195134
"XRCC4_CRISPRa_3_DNA-PKcs_CasRx_5",24050.7170736046,24405.9368726944,0,0
"XLF_CRISPRa_1_DNA-PKcs_CasRx_5",35252.953100215,55026.1963387651,46827.104663097,0
"LIG4_CRISPRa_1_DNA-PKcs_CasRx_5",27916.2363545054,0,4455.40929325643,0
"53BP1_CRISPRa_3_DNA-PKcs_CasRx_5",1571.4598483662,34126.461054581,0,0
"LIG3_CRISPRa_2_DNA-PKcs_CasRx_5",13760.4716512066,0,31799.1916215346,0
"LIG3_CRISPRa_4_DNA-PKcs_CasRx_5",0,340.644151555477,1689.12466331277,0
"NT_CRISPRa_2_DNA-PKcs_CasRx_5",21883.8895570996,29570.3455275265,0,0
"NT_CRISPRa_4_DNA-PKcs_CasRx_5",30141.3380310239,0,0,26930.2623799811
"BRCA1_CRISPRa_1_XRCC4_CasRx_1",26924.6043982743,731.168339588721,0,0
"BRCA1_CRISPRa_2_XRCC4_CasRx_1",26604.0965181996,0,52082.7263960188,0
"BRCA1_CRISPRa_4_XRCC4_CasRx_1",0,24987.4651028498,0,3353.34976808903
"EXO1_CRISPRa_2_XRCC4_CasRx_1",0,0,37869.0646088527,27215.7128147854
"MRE11_CRISPRa_4_XRCC4_CasRx_1",0,15983.5102254852,37243.6992253822,0
"PALB2_CRISPRa_3_XRCC4_CasRx_1",72697.0146169407,0,0,32455.4373009013
"NBN_CRISPRa_3_XRCC4_CasRx_1",42679.0235579455,9225.37357587566,0,0
"KU70_CRISPRa_3_XRCC4_CasRx_1",26122.3634620873,54231.7655138875,0,0
"CtIP_CRISPRa_1_XRCC4_CasRx_2",39617.6876852322,6460.07301699852,0,0
"CtIP_CRISPRa_2_XRCC4_CasRx_2",33317.279751764,79681.5333938484,0,0
"ATM_CRISPRa_2_XRCC4_CasRx_2",0,43653.5480218344,1795.69202967969,44406.4802622699
"ATM_CRISPRa_3_XRCC4_CasRx_2",80529.0617227658,259.132872433274,0,0
"BRCA1_CRISPRa_2_XRCC4_CasRx_2",0,28828.2279116378,0,49224.9575047912
"BRCA2_CRISPRa_3_XRCC4_CasRx_2",44363.146782338,52679.401451799,7420.15171326064,0
"BRCA2_CRISPRa_5_XRCC4_CasRx_2",23169.8060213993,0,77205.8234850343,0
"EXO1_CRISPRa_3_XRCC4_CasRx_2",12485.2387829094,4296.98265462124,0,0
"PALB2_CRISPRa_4_XRCC4_CasRx_2",0,99875.6486498104,89981.1448902181,0
"XLF_CRISPRa_2_XRCC4_CasRx_2",0,33463.4215453034,22688.0008611342,15878.9887503257
"XLF_CRISPRa_3_XRCC4_CasRx_2",45553.8821186155,2289.61533295503,0,0
"53BP1_CRISPRa_5_XRCC4_CasRx_2",43613.3525901633,0,193403.816757399,0
"LIG3_CRISPRa_1_XRCC4_CasRx_2",22782.282857309,0,184148.409082035,37141.8128858919
"BRCA1_CRISPRa_2_XRCC4_CasRx_3",43093.7413300422,24380.3885613277,0,0
"BRCA1_CRISPRa_3_XRCC4_CasRx_3",7403.7320297253,0,51856.8291044387,0
"POLD3_CRISPRa_3_XRCC4_CasRx_3",33371.6689677766,3001.31829245487,0,0
"EXO1_CRISPRa_2_XRCC4_CasRx_3",17753.2228481371,0,33703.3654014082,0
"EXO1_CRISPRa_4_XRCC4_CasRx_3",36721.4619325572,33372.1775761368,116.777413443988,0
"PALB2_CRISPRa_1_XRCC4_CasRx_3",39704.1276892523,21876.654047395,28638.5439232391,0
"DNA-PKcs_CRISPRa_5_XRCC4_CasRx_3",0,29280.7979987044,16064.2328198851,0
"XLF_CRISPRa_5_XRCC4_CasRx_3",53082.90359237,18624.7189862957,0,12698.3873036231
"CtIP_CRISPRa_2_XRCC4_CasRx_4",0,187.354283355513,36210.5700867712,6939.494065533
"CtIP_CRISPRa_5_XRCC4_CasRx_4",0,32098.4117665704,4017.01539688474,0
"RAD51_CRISPRa_3_XRCC4_CasRx_4",0,20939.8826306174,0,13227.7177215611
"BRCA1_CRISPRa_4_XRCC4_CasRx_4",16854.8295479277,26624.9902028272,0,0
"POLQ_CRISPRa_1_XRCC4_CasRx_4",0,64219.9386719964,0,67693.3235002831
"EXO1_CRISPRa_1_XRCC4_CasRx_4",0,0,21171.170742247,68940.4370503989
"MRE11_CRISPRa_2_XRCC4_CasRx_4",0,51437.2668848771,0,78811.1098526114
"PALB2_CRISPRa_1_XRCC4_CasRx_4",82708.5153072737,30880.6089247596,182016.423626754,0
"XRCC1_CRISPRa_3_XRCC4_CasRx_4",27020.7567622967,27465.6513054159,0,0
"BRCA1_CRISPRa_4_XRCC4_CasRx_5",86086.4741160608,25707.6841661385,0,0
"BRCA2_CRISPRa_5_XRCC4_CasRx_5",0,58531.1813410199,15824.9348415162,0
"MRE11_CRISPRa_1_XRCC4_CasRx_5",57718.6130214502,28625.0580069601,0,0
"RAD50_CRISPRa_3_XRCC4_CasRx_5",20186.169028704,23039.7105077058,0,0
"PALB2_CRISPRa_1_XRCC4_CasRx_5",29383.7739508473,0,70333.1855462815,0
"PALB2_CRISPRa_3_XRCC4_CasRx_5",1521.92681235466,0,121927.105938486,0
"XRCC1_CRISPRa_2_XRCC4_CasRx_5",44382.5715023425,17114.9354431516,0,37571.3742198206
"53BP1_CRISPRa_5_XRCC4_CasRx_5",17637.6457641101,17024.9080602405,98199.5946593172,0
"POLQ_CRISPRa_4_XLF_CasRx_1",0,67149.4783753735,107541.149606894,0
"POLD3_CRISPRa_4_XLF_CasRx_1",13579.8217551645,24744.1478517388,0,0
"RAD50_CRISPRa_2_XLF_CasRx_1",0,50976.1806940216,0,95849.4523106373
"PALB2_CRISPRa_2_XLF_CasRx_1",39265.12901715,0,14822.4358441364,0
"PALB2_CRISPRa_5_XLF_CasRx_1",53732.6604765214,37744.5885786024,0,0
"DNA-PKcs_CRISPRa_1_XLF_CasRx_1",21134.0953649249,90.0273829110904,0,0
"DNA-PKcs_CRISPRa_5_XLF_CasRx_1",18252.4381522534,29807.5798473598,0,0
"LIG3_CRISPRa_5_XLF_CasRx_1",19323.711460503,35201.9233044919,51332.2879358542,0
"CtIP_CRISPRa_1_XLF_CasRx_2",24041.0047136023,25558.0440567052,0,0
"BRCA2_CRISPRa_5_XLF_CasRx_2",52769.1943642969,0,0,49372.7635551753
"EXO1_CRISPRa_1_XLF_CasRx_2",39845.9281452853,0,0,15575.0625592234
"RAD50_CRISPRa_3_XLF_CasRx_2",0,92919.2084405453,2786.06659615548,0
"RAD50_CRISPRa_5_XLF_CasRx_2",38253.1011049142,0,43617.9592411855,0
"LIG4_CRISPRa_5_XLF_CasRx_2",12565.8513709282,0,95011.5074595021,0
"53BP1_CRISPRa_2_XLF_CasRx_2",33109.4352477155,0,41958.8265911616,0
"LIG3_CRISPRa_1_XLF_CasRx_2",35093.6703961779,0,196764.19850164,15326.5636370152
"CtIP_CRISPRa_3_XLF_CasRx_3",15293.0820595638,33173.8740164813,0,0
"ATM_CRISPRa_3_XLF_CasRx_3",16422.629527827,34076.5810181033,0,0
"BRCA1_CRISPRa_4_XLF_CasRx_3",19841.3802486237,23476.4649734502,0,0
"RAD50_CRISPRa_3_XLF_CasRx_3",0,0,1685.93402360119,47150.1300725245
"RAD50_CRISPRa_5_XLF_CasRx_3",45098.3724345093,0,0,98217.1204802274
"NBN_CRISPRa_1_XLF_CasRx_3",0,47002.8099833781,0,2151.5018209034
"DNA-PKcs_CRISPRa_5_XLF_CasRx_3",0,27463.2181329048,0,49302.5556812428
"NT_CRISPRa_1_XLF_CasRx_3",0,90309.6309223792,66690.7512515368,0
"NT_CRISPRa_4_XLF_CasRx_3",23009.5520813619,74.2117615888718,0,0
"RAD51_CRISPRa_2_XLF_CasRx_4",29955.8319549806,0,0,74870.2310342456
"BRCA2_CRISPRa_5_XLF_CasRx_4",0,0,336.931553543311,51061.4476808135
"POLQ_CRISPRa_1_XLF_CasRx_4",5481.6559852774,47523.5089007557,0,0
"MRE11_CRISPRa_2_XLF_CasRx_4",0,33136.1598425591,0,46.1893907450279
"RAD50_CRISPRa_1_XLF_CasRx_4",182.59236804255,447.703742044342,0,0
"RAD50_CRISPRa_3_XLF_CasRx_4",25808.6542340142,18832.7552359957,0,0
"KU70_CRISPRa_1_XLF_CasRx_4",31132.969987255,36727.5224689582,0,0
"LIG3_CRISPRa_1_XLF_CasRx_4",0,29935.3214041931,0,2817.5528354467
"RAD51_CRISPRa_5_XLF_CasRx_5",0,43866.4506165566,0,55188.0078499743
"POLQ_CRISPRa_3_XLF_CasRx_5",0,87748.7168544354,0,55491.9340410766
"POLD3_CRISPRa_3_XLF_CasRx_5",41408.6468696495,36216.556241625,0,0
"MRE11_CRISPRa_2_XLF_CasRx_5",20883.5164768665,24191.8176917167,0,0
"RAD50_CRISPRa_3_XLF_CasRx_5",158.311468036892,27778.3139730936,0,0
"RAD50_CRISPRa_5_XLF_CasRx_5",80230.8922706963,45719.3114837673,0,0
"PALB2_CRISPRa_4_XLF_CasRx_5",0,60901.0913668416,0,1821.7095709839
"XRCC1_CRISPRa_4_XLF_CasRx_5",0,6044.00051759861,60430.7161374082,0
"53BP1_CRISPRa_5_XLF_CasRx_5",23857.4411095595,0,198.457790060549,208.776046167526
"LIG3_CRISPRa_2_XLF_CasRx_5",17360.8435040456,11455.3761823085,0,0
"ATM_CRISPRa_3_LIG4_CasRx_1",0,57984.9341122756,0,24460.053762937
"BRCA1_CRISPRa_4_LIG4_CasRx_1",28923.4080867401,58557.9462386421,0,0
"BRCA2_CRISPRa_2_LIG4_CasRx_1",120860.607868164,0,2753.52207109732,0
"POLD3_CRISPRa_4_LIG4_CasRx_1",0,11777.7715400306,20461.5724703906,3449.42370083869
"RAD50_CRISPRa_5_LIG4_CasRx_1",0,31802.7813064705,73896.491976179,109986.177242061
"NBN_CRISPRa_1_LIG4_CasRx_1",36008.5747083911,0,4979.31233389859,0
"XRCC4_CRISPRa_3_LIG4_CasRx_1",10511.6872304496,0,0,3888.22291291645
"CtIP_CRISPRa_2_LIG4_CasRx_2",63969.4879189069,0,0,97030.9769258951
"ATM_CRISPRa_2_LIG4_CasRx_2",32606.3349995983,45484.5103364451,0,0
"ATM_CRISPRa_5_LIG4_CasRx_2",0,43681.5295057122,0,30366.7530514112
"BRCA2_CRISPRa_4_LIG4_CasRx_2",1098.46791625598,0,0,8614.32137394771
"POLQ_CRISPRa_1_LIG4_CasRx_2",158.311468036892,0,59227.8449661409,0
"RAD50_CRISPRa_4_LIG4_CasRx_2",33272.6028957536,57244.0330826424,0,0
"PALB2_CRISPRa_1_LIG4_CasRx_2",29457.5878868645,26729.616620805,0,0
"DNA-PKcs_CRISPRa_2_LIG4_CasRx_2",0,20043.2585602732,0,12427.7174738572
"XLF_CRISPRa_1_LIG4_CasRx_2",15031.8195755029,0,0,64569.9968981044
"53BP1_CRISPRa_4_LIG4_CasRx_2",92556.8483495686,48220.6128251889,0,0
"CtIP_CRISPRa_2_LIG4_CasRx_3",126.260680029423,0,0,151701.663599525
"ATM_CRISPRa_3_LIG4_CasRx_3",35050.936012168,30904.9406498707,0,0
"BRCA1_CRISPRa_5_LIG4_CasRx_3",0,23690.5841544279,0,76096.0974646186
"BRCA2_CRISPRa_1_LIG4_CasRx_3",1352.93174831528,21354.7385437618,4009.35786157694,0
"POLQ_CRISPRa_2_LIG4_CasRx_3",0,0,50147.2843469717,98295.642444494
"MRE11_CRISPRa_5_LIG4_CasRx_3",0,39755.6056590353,23723.6825115145,0
"NBN_CRISPRa_4_LIG4_CasRx_3",21475.9704370046,0,0,26850.8166278996
"XLF_CRISPRa_5_LIG4_CasRx_3",31935.2109234419,19164.8832837623,0,0
"LIG3_CRISPRa_4_LIG4_CasRx_3",31263.1156112853,41064.6524700128,0,0
"RAD51_CRISPRa_5_LIG4_CasRx_4",1465.59512434153,45718.0948975117,0,0
"BRCA2_CRISPRa_2_LIG4_CasRx_4",38707.6395530201,0,77598.2721695591,0
"BRCA2_CRISPRa_3_LIG4_CasRx_4",35618.1378363001,0,0,6418.47773792908
"POLD3_CRISPRa_4_LIG4_CasRx_4",38983.4705770844,27505.7986518492,0,0
"RAD50_CRISPRa_3_LIG4_CasRx_4",51.4755080119954,62.0458990333191,0,52.6559054493319
"KU70_CRISPRa_5_LIG4_CasRx_4",18182.5091602371,30789.3649555929,0,15893.7693553641
"DNA-PKcs_CRISPRa_3_LIG4_CasRx_4",0,26604.3082364828,0,166605.132417316
"XRCC4_CRISPRa_1_LIG4_CasRx_4",16881.0529199338,42968.6099599568,0,0
"XLF_CRISPRa_1_LIG4_CasRx_4",39494.3407132034,0,0,184.757562980112
"53BP1_CRISPRa_4_LIG4_CasRx_4",20439.6616247631,0,34.4589088851113,0
"NT_CRISPRa_5_LIG4_CasRx_4",23534.9907574844,40142.4800883019,0,39236.9636500863
"CtIP_CRISPRa_1_LIG4_CasRx_5",26185.493802102,0,2799.46728294414,38775.993530451
"ATM_CRISPRa_5_LIG4_CasRx_5",24681.0492377515,45968.7116661561,0,0
"BRCA2_CRISPRa_1_LIG4_CasRx_5",17281.2021520271,22127.2708160394,1262.21706990278,0
"POLD3_CRISPRa_4_LIG4_CasRx_5",37840.325804818,0,35.7351647697451,0
"MRE11_CRISPRa_2_LIG4_CasRx_5",42112.7929698136,0,0,125261.932549256
"RAD50_CRISPRa_4_LIG4_CasRx_5",1179.08050427476,0,26500.8153164776,0
"DNA-PKcs_CRISPRa_2_LIG4_CasRx_5",30113.1721870173,61301.3482449192,0,0
"XRCC4_CRISPRa_1_LIG4_CasRx_5",0,60239.2684438195,31550.321724031,0
"XRCC4_CRISPRa_3_LIG4_CasRx_5",0,8725.35662484244,34882.6258388097,18053.5852666016
"LIG3_CRISPRa_2_LIG4_CasRx_5",45453.8448105922,27698.019280227,0,1595.38155633327
"CtIP_CRISPRa_4_53BP1_CasRx_1",18271.8628722579,90454.4046867903,0,0
"ATM_CRISPRa_1_53BP1_CasRx_1",0,23443.6171445502,0,2404.61968218615
"RAD51_CRISPRa_3_53BP1_CasRx_1",2323.19651254138,41405.2966215683,0,0
"RAD51_CRISPRa_5_53BP1_CasRx_1",30908.6144712027,44826.3371721897,0,0
"BRCA2_CRISPRa_4_53BP1_CasRx_1",49399.9766795117,52166.0020519547,0,0
"POLQ_CRISPRa_3_53BP1_CasRx_1",48491.8710193001,43638.9489867677,0,0
"EXO1_CRISPRa_4_53BP1_CasRx_1",61102.3992462388,0,0,27725.6436886105
"EXO1_CRISPRa_5_53BP1_CasRx_1",36806.9307005772,0,280.138166677109,0
"PALB2_CRISPRa_5_53BP1_CasRx_1",528.352384123123,42826.2693680568,0,0
"NBN_CRISPRa_2_53BP1_CasRx_1",0,28502.182795149,0,81951.9884232733
"LIG4_CRISPRa_2_53BP1_CasRx_1",21163.2324449317,38861.4147612022,0,0
"LIG4_CRISPRa_4_53BP1_CasRx_1",34664.3840840779,0,0,1144.57310266179
"LIG3_CRISPRa_3_53BP1_CasRx_1",1753.08098040852,44791.0561707786,0,0
"NT_CRISPRa_1_53BP1_CasRx_1",0,8085.43225442036,0,44108.096798057
"BRCA1_CRISPRa_1_53BP1_CasRx_2",44672.9710664102,0,136577.885366139,0
"BRCA1_CRISPRa_2_53BP1_CasRx_2",27738.5001664639,0,648.337989393947,10358.43276848
"POLQ_CRISPRa_2_53BP1_CasRx_2",31928.4122714403,23776.9617785723,0,0
"RAD50_CRISPRa_2_53BP1_CasRx_2",36521.3873165106,58675.955105431,155877.42685357,19050.3523188793
"XRCC1_CRISPRa_4_53BP1_CasRx_2",10660.2863384842,0,28818.4960029725,0
"XLF_CRISPRa_3_53BP1_CasRx_2",31825.4612554163,47025.9251222336,3741.34412580385,0
"LIG4_CRISPRa_5_53BP1_CasRx_2",32271.2585795202,0,0,17870.6752792513
"ATM_CRISPRa_5_53BP1_CasRx_3",0,26447.3686095161,94.4429354628977,0
"BRCA1_CRISPRa_1_53BP1_CasRx_3",0,8287.38557284254,1927.14638579697,2279.90832717458
"POLQ_CRISPRa_3_53BP1_CasRx_3",23895.3193135684,0,44633.2207974116,0
"POLD3_CRISPRa_1_53BP1_CasRx_3",29742.1600349309,33346.6292647701,0,0
"MRE11_CRISPRa_1_53BP1_CasRx_3",25526.0245579484,35773.7188446029,0,15519.6352903294
"RAD50_CRISPRa_5_53BP1_CasRx_3",14134.3975112938,0,0,59332.1199876182
"KU70_CRISPRa_4_53BP1_CasRx_3",0,43318.9868015567,20766.5976268181,0
"XLF_CRISPRa_1_53BP1_CasRx_3",37918.9959208363,9376.23027156451,0,0
"ATM_CRISPRa_4_53BP1_CasRx_4",23552.4730054885,6906.5601727873,0,0
"BRCA1_CRISPRa_2_53BP1_CasRx_4",10283.4467703964,119321.563358606,0,0
"POLD3_CRISPRa_3_53BP1_CasRx_4",42632.4042299347,50984.6967978105,0,50853.5954224609
"EXO1_CRISPRa_1_53BP1_CasRx_4",0,42266.6396905014,0,34584.7682142471
"MRE11_CRISPRa_4_53BP1_CasRx_4",491.445416114522,54645.4048407763,0,0
"PALB2_CRISPRa_2_53BP1_CasRx_4",6144.03893743175,54009.1302291209,0,32470.2179059397
"PALB2_CRISPRa_3_53BP1_CasRx_4",87373.3618163607,0,0,3881.75639821215
"NBN_CRISPRa_1_53BP1_CasRx_4",25374.511741913,56009.1980332538,0,0
"DNA-PKcs_CRISPRa_3_53BP1_CasRx_4",22182.0590091691,15352.101958852,0,0
"DNA-PKcs_CRISPRa_4_53BP1_CasRx_4",38015.1482848587,0,26056.0401406827,0
"NT_CRISPRa_5_53BP1_CasRx_4",41409.6181056497,0,0,6069.28594389667
"CtIP_CRISPRa_2_53BP1_CasRx_5",0,40896.7635667462,58668.8448886713,0
"ATM_CRISPRa_1_53BP1_CasRx_5",28714.5923466914,0,70973.8660003676,0
"ATM_CRISPRa_3_53BP1_CasRx_5",41540.7349656803,41958.8433678459,0,0
"BRCA1_CRISPRa_2_53BP1_CasRx_5",27876.4156784961,32501.1018171592,0,0
"EXO1_CRISPRa_1_53BP1_CasRx_5",0,65442.6078588294,0,34152.4355168737
"MRE11_CRISPRa_4_53BP1_CasRx_5",0,33094.7959098702,3041.31777308223,0
"NBN_CRISPRa_4_53BP1_CasRx_5",0,51234.0969801993,0,46765.8343415259
"DNA-PKcs_CRISPRa_4_53BP1_CasRx_5",19044.9667284381,0,111889.991533783,61542.7442286752
"XLF_CRISPRa_3_53BP1_CasRx_5",0,74350.4524220051,0,48642.9711814038
"LIG4_CRISPRa_4_53BP1_CasRx_5",0,34150.7927796922,0,504.388146935705
"LIG4_CRISPRa_5_53BP1_CasRx_5",40131.4715293519,0,0,69061.4532541509
"LIG3_CRISPRa_5_53BP1_CasRx_5",22354.9390172094,4401.60907259899,0,0
"CtIP_CRISPRa_4_LIG3_CasRx_1",81455.6208669817,54045.6278167876,0,0
"BRCA1_CRISPRa_1_LIG3_CasRx_1",17902.7931921719,0,0,167384.809333092
"RAD50_CRISPRa_1_LIG3_CasRx_1",47155.4502829887,121.658625555528,0,0
"PALB2_CRISPRa_1_LIG3_CasRx_1",54720.4074887516,17961.6794770181,0,0
"NBN_CRISPRa_2_LIG3_CasRx_1",30099.5748830141,31116.6266583373,0,0
"NBN_CRISPRa_5_LIG3_CasRx_1",40172.2634413614,43148.664725779,0,0
"KU70_CRISPRa_4_LIG3_CasRx_1",9253.93661015646,0,0,12638.3410956545
"LIG4_CRISPRa_2_LIG3_CasRx_1",73946.995349232,0,48.4977236160826,0
"LIG4_CRISPRa_4_LIG3_CasRx_1",77555.1370900728,35732.354911914,0,0
"CtIP_CRISPRa_3_LIG3_CasRx_2",0,0,85696.1157575603,438.799212077765
"CtIP_CRISPRa_4_LIG3_CasRx_2",23807.908073548,0,10920.921604811,0
"ATM_CRISPRa_5_LIG3_CasRx_2",0,32018.1170737038,6261.31137001319,0
"RAD51_CRISPRa_5_LIG3_CasRx_2",45820.9720186777,33925.7243224144,0,0
"BRCA1_CRISPRa_4_LIG3_CasRx_2",0,51273.0277403771,0,93451.2991431554
"BRCA1_CRISPRa_5_LIG3_CasRx_2",37332.3693766996,0,148110.771667632,0
"BRCA2_CRISPRa_4_LIG3_CasRx_2",48347.1568552664,30149.4405851709,0,0
"POLQ_CRISPRa_3_LIG3_CasRx_2",25563.9027619572,0,509.864225911184,0
"POLQ_CRISPRa_4_LIG3_CasRx_2",53741.4016005234,49131.8359305998,0,0
"EXO1_CRISPRa_1_LIG3_CasRx_2",0,19094.3212809401,14374.47002863,0
"EXO1_CRISPRa_3_LIG3_CasRx_2",37572.2646687555,24684.5351252165,0,0
"MRE11_CRISPRa_3_LIG3_CasRx_2",14754.0460794382,35587.5811475029,0,0
"RAD50_CRISPRa_1_LIG3_CasRx_2",0,36864.996715836,111292.703779775,0
"NBN_CRISPRa_1_LIG3_CasRx_2",3213.81992474892,7187.59159782057,0,0
"DNA-PKcs_CRISPRa_3_LIG3_CasRx_2",38533.7883089796,0,181747.771763039,0
"LIG4_CRISPRa_4_LIG3_CasRx_2",0,0,106472.285303513,14404.6233977444
"53BP1_CRISPRa_3_LIG3_CasRx_2",33186.1628917334,0,0,34068.3708257177
"CtIP_CRISPRa_5_LIG3_CasRx_3",0,0,127627.502847202,11330.2575497554
"EXO1_CRISPRa_1_LIG3_CasRx_3",43126.7633540499,0,0,15848.503752434
"PALB2_CRISPRa_1_LIG3_CasRx_3",0,12562.4696748638,199062.735349865,0
"NBN_CRISPRa_5_LIG3_CasRx_3",32746.1929836309,33765.1349366811,0,0
"KU70_CRISPRa_2_LIG3_CasRx_3",43647.3458501712,22426.551034906,0,0
"XRCC4_CRISPRa_3_LIG3_CasRx_3",15166.8213795343,0,2061.15325368351,0
"RAD51_CRISPRa_4_LIG3_CasRx_4",22160.6918171641,41916.2628489015,0,0
"PALB2_CRISPRa_3_LIG3_CasRx_4",28198.8660305712,13314.3199807969,0,0
"LIG4_CRISPRa_2_LIG3_CasRx_4",22119.8999051546,0,0,27252.6643273814
"LIG4_CRISPRa_5_LIG3_CasRx_4",0,0,116236.280948904,46124.7255979849
"ATM_CRISPRa_1_LIG3_CasRx_5",39894.4899452967,20591.9389615286,0,0
"BRCA1_CRISPRa_1_LIG3_CasRx_5",29418.7384468555,50332.6065648329,0,0
"EXO1_CRISPRa_2_LIG3_CasRx_5",0,141.124005644412,0,119.168628122172
"PALB2_CRISPRa_3_LIG3_CasRx_5",11615.9825627069,36798.0844717804,0,0
"XRCC1_CRISPRa_3_LIG3_CasRx_5",0,20256.1611549953,104444.31470283,0
"DNA-PKcs_CRISPRa_2_LIG3_CasRx_5",34558.5193600532,17439.7639733849,0,0
"LIG4_CRISPRa_1_LIG3_CasRx_5",25240.4811738818,0,0,20036.0339173782
"CtIP_CRISPRa_1_NT_CasRx_1",8017.55318186834,0,0,50953.3645064701
"EXO1_CRISPRa_2_NT_CasRx_1",0,0,1786.12011054494,70.2078739324425
"MRE11_CRISPRa_5_NT_CasRx_1",27673.4273544488,20192.8986697065,0,0
"RAD50_CRISPRa_2_NT_CasRx_1",39194.2287891335,36031.6351307806,0,1962.12531884879
"RAD50_CRISPRa_4_NT_CasRx_1",45298.447050556,97483.8400713887,0,0
"ATM_CRISPRa_3_NT_CasRx_2",12229.8037148499,0,5012.49498689907,0
"ATM_CRISPRa_5_NT_CasRx_2",34621.6497000679,56293.8792170537,43311.6578288734,0
"POLD3_CRISPRa_5_NT_CasRx_2",29808.2040829462,0,0,76772.3101451258
"EXO1_CRISPRa_2_NT_CasRx_2",59500.8310818656,0,0,80000.9485582033
"EXO1_CRISPRa_3_NT_CasRx_2",773.103856180157,34356.395856881,0,0
"MRE11_CRISPRa_2_NT_CasRx_2",335.076420078083,0,3814.09071122797,77.5981764516469
"PALB2_CRISPRa_3_NT_CasRx_2",21589.6050490311,62165.1244863635,0,0
"NBN_CRISPRa_5_NT_CasRx_2",15427.112627595,108545.042306897,0,0
"DNA-PKcs_CRISPRa_3_NT_CasRx_2",48086.8656072057,48373.9026933889,0,673360.023734796
"53BP1_CRISPRa_2_NT_CasRx_2",44091.2007022746,0,0,146916.44271834
"CtIP_CRISPRa_3_NT_CasRx_3",1262.60680029423,0,1799.52079733359,4628.1769526518
"ATM_CRISPRa_5_NT_CasRx_3",35674.4695243133,65802.7173904738,0,0
"BRCA2_CRISPRa_3_NT_CasRx_3",37246.9006086797,19236.66187284,105962.421077602,48997.7057023256
"BRCA2_CRISPRa_5_NT_CasRx_3",41639.8010377034,0,33002.7009207442,0
"POLQ_CRISPRa_4_NT_CasRx_3",0,0,219674.2678867,76624.5040947417
"MRE11_CRISPRa_4_NT_CasRx_3",33889.3377558973,0,0,81976.0069064607
"KU70_CRISPRa_5_NT_CasRx_3",35003.3454481569,0,38468.9048746306,0
"DNA-PKcs_CRISPRa_1_NT_CasRx_3",0,13815.5535180857,0,75027.2749627787
"XRCC4_CRISPRa_2_NT_CasRx_3",44896.3553464623,0,23440.3537051258,0
"XLF_CRISPRa_1_NT_CasRx_3",26027.1823340651,44696.1624428453,0,0
"LIG4_CRISPRa_4_NT_CasRx_3",44530.1993743769,0,0,105802.342228376
"LIG4_CRISPRa_5_NT_CasRx_3",30393.8593910827,0,0,280107.246082888
"LIG3_CRISPRa_4_NT_CasRx_3",38103.5307608793,96030.0194960002,0,0
"BRCA1_CRISPRa_1_NT_CasRx_4",27852.1347784904,0,0,33105.7839225913
"PALB2_CRISPRa_2_NT_CasRx_4",0,49186.5823120998,0,2503.46497838051
"PALB2_CRISPRa_3_NT_CasRx_4",0,13511.4069541969,10047.3244517792,0
"XRCC1_CRISPRa_3_NT_CasRx_4",34979.0645481512,43022.1397552012,0,0
"KU70_CRISPRa_1_NT_CasRx_4",92684.0802655983,18548.0740521957,0,0
"KU70_CRISPRa_5_NT_CasRx_4",79608.3299945512,4344.42951858789,0,0
"RAD51_CRISPRa_3_NT_CasRx_5",11155.6166985996,45333.6536407563,0,0
"BRCA1_CRISPRa_5_NT_CasRx_5",0,0,37.0114206543788,5299.77069408451
"BRCA2_CRISPRa_5_NT_CasRx_5",0,58847.4937674643,0,27917.7915541098
"EXO1_CRISPRa_2_NT_CasRx_5",0,178.838179566626,0,35018.9484872504
"EXO1_CRISPRa_5_NT_CasRx_5",0,111828.608610641,193178.557593761,0
"MRE11_CRISPRa_3_NT_CasRx_5",22451.0913812318,32644.6589953147,7061.52380967856,0
"PALB2_CRISPRa_3_NT_CasRx_5",29613.956882901,21043.2924623396,0,0
"XRCC1_CRISPRa_1_NT_CasRx_5",21127.2967129233,0,14475.9323714583,0
"KU70_CRISPRa_1_NT_CasRx_5",18906.0799804057,0,40082.0923128077,0
"XLF_CRISPRa_2_NT_CasRx_5",29661.5474469121,54632.0223919652,0,0
"53BP1_CRISPRa_2_NT_CasRx_5",21168.0886249328,30661.6233987596,0,0
"53BP1_CRISPRa_4_NT_CasRx_5",21829.500341087,0,0,92683.6314689731
"53BP1_CRISPRa_5_NT_CasRx_5",0,8377.41295575363,0,14015.7087276713
"LIG3_CRISPRa_4_NT_CasRx_5",0,9477.2069307756,152518.959493157,0
"NT_CRISPRa_4_NT_CasRx_2",9896.89484230628,26278.263119994,0,0
"NT_CRISPRa_5_NT_CasRx_5",36826.3554205817,8243.58846764255,0,0
