ID,CRISPRa,CRISPRa_name,CasRx,CasRx_name
P21,CTCAGCCAGTTGGCCTGCCA,NT_CRISPRa,GATGTCATGCGTACGGGATAATC,NT_CasRx
P53,TCGCACTCCCGCCTCATCCA,NBN_CRISPRa,CCAGATTATAAATGCCCACAGAG,KU70_CasRx
P54,CACGCAGGCTGCCTTGGATG,NBN_CRISPRa,AACAGAATGTCTTTGCCCAACAC,53BP1_CasRx
P56,CACGCAGGCTGCCTTGGATG,NBN_CRISPRa,TAAGGAATTTAGTGCCAGCAACC,DNPKcs_CasRx
P57,CTCATCCAAGGCAGCCTGCG,NBN_CRISPRa,AGCCAAAAATGTGCAGGCAGCAC,PQ_CasRx
P61,CACGCAGGCTGCCTTGGATG,NBN_CRISPRa,CAACGTCGCGAACGTCGTATCAG,NT_CasRx
P62,CAACGTCGCGAACGTCGTAT,NT_CRISPRa,CCAGATTATAAATGCCCACAGAG,KU70_CasRx
P63,CAACGTCGCGAACGTCGTAT,NT_CRISPRa,AACAGAATGTCTTTGCCCAACAC,53BP1_CasRx
P64,CAACGTCGCGAACGTCGTAT,NT_CRISPRa,TAAGGAATTTAGTGCCAGCAACC,DNPKcs_CasRx
P65,CAACGTCGCGAACGTCGTAT,NT_CRISPRa,AGCCAAAAATGTGCAGGCAGCAT,PQ_CasRx
P66,CAGGATTGGCTCCTGCGTGA,MRE11_CRISPRa,CAACGTCGCGAACGTCGTATCAG,NT_CasRx